Date,Open,High,Low,Close,Adj Close,Volume,RSI
2021-01-04,12.59000015258789,12.59000015258789,11.800000190734863,12.199999809265137,12.199999809265137,1371400,
2021-01-05,12.149999618530273,12.279999732971191,12.09000015258789,12.149999618530273,12.149999618530273,1304000,0.0
2021-01-06,12.149999618530273,12.199999809265137,11.890000343322754,12.119999885559082,12.119999885559082,1105700,0.0
2021-01-07,12.199999809265137,22.0,12.050000190734863,19.139999389648438,19.139999389648438,64877000,98.8732404203743
2021-01-08,21.459999084472656,22.0,17.889999389648438,18.739999771118164,18.739999771118164,35657000,93.60000528971422
2021-01-11,19.3700008392334,19.75,18.649999618530273,18.989999771118164,18.989999771118164,11702200,93.80645675738633
2021-01-12,18.979999542236328,19.190000534057617,18.25,18.450000762939453,18.450000762939453,7138600,87.69603389881594
2021-01-13,18.899999618530273,19.59000015258789,18.530000686645508,19.110000610351562,19.110000610351562,8226400,88.60336548015701
2021-01-14,19.399999618530273,19.450000762939453,18.920000076293945,19.15999984741211,19.15999984741211,7705100,88.66667917040057
2021-01-15,19.31999969482422,21.049999237060547,19.110000610351562,20.15999984741211,20.15999984741211,13024900,89.80001157760951
2021-01-19,21.899999618530273,24.219999313354492,21.059999465942383,22.59000015258789,22.59000015258789,22266200,91.79405663599026
2021-01-20,23.860000610351562,24.6200008392334,22.110000610351562,22.3700008392334,22.3700008392334,10236100,90.1976428331206
2021-01-21,23.0,23.049999237060547,21.5,22.389999389648438,22.389999389648438,6971500,90.21311505147773
2021-01-22,22.09000015258789,22.989999771118164,21.190000534057617,21.649999618530273,21.649999618530273,6727300,85.23491154756366
2021-01-25,22.15999984741211,22.850000381469727,20.0,20.479999542236328,20.479999542236328,9701800,78.39507024781739
2021-01-26,20.399999618530273,21.31999969482422,19.5,19.56999969482422,19.56999969482422,9172400,74.028505730201
2021-01-27,19.0,19.25,17.899999618530273,18.18000030517578,18.18000030517578,16297600,68.0357214727393
2021-01-28,20.420000076293945,20.920000076293945,19.100000381469727,20.280000686645508,20.280000686645508,12032100,54.79798713630917
2021-01-29,23.190000534057617,26.969999313354492,21.799999237060547,25.139999389648438,25.139999389648438,36434600,69.58384883708307
2021-02-01,25.850000381469727,28.260000228881836,25.139999389648438,25.780000686645508,25.780000686645508,18319100,70.2928949478164
2021-02-02,26.010000228881836,26.18000030517578,23.850000381469727,24.329999923706055,24.329999923706055,8973900,66.66666666666666
2021-02-03,24.799999237060547,25.75,24.510000228881836,24.950000762939453,24.950000762939453,4251500,66.59091096279066
2021-02-04,24.06999969482422,25.1200008392334,23.420000076293945,25.059999465942383,25.059999465942383,8449800,66.70441762947642
2021-02-05,24.290000915527344,24.520000457763672,22.899999618530273,23.100000381469727,23.100000381469727,12226800,57.89473953777622
2021-02-08,23.399999618530273,24.389999389648438,22.799999237060547,23.0,23.0,7344500,51.25844051682249
2021-02-09,22.93000030517578,24.0,22.75,23.1200008392334,23.1200008392334,6375300,52.31624479190106
2021-02-10,23.700000762939453,23.790000915527344,22.25,22.989999771118164,22.989999771118164,6308100,51.840491838479174
2021-02-11,23.0,23.950000762939453,22.31999969482422,23.06999969482422,23.06999969482422,8551100,54.53964181117615
2021-02-12,22.84000015258789,24.479999542236328,22.809999465942383,23.899999618530273,23.899999618530273,5847400,61.17647000158447
2021-02-16,24.450000762939453,24.700000762939453,23.559999465942383,24.299999237060547,24.299999237060547,6134900,65.99053160730543
2021-02-17,24.270000457763672,24.299999237060547,23.0,23.8799991607666,23.8799991607666,4731300,70.62228001006396
2021-02-18,22.600000381469727,23.31999969482422,22.260000228881836,23.229999542236328,23.229999542236328,5747000,61.92400426616963
2021-02-19,23.5,23.600000381469727,22.600000381469727,22.690000534057617,22.690000534057617,5138800,34.7826179671268
2021-02-22,22.5,22.836999893188477,21.020000457763672,21.290000915527344,21.290000915527344,6530300,24.517593397845445
2021-02-23,19.989999771118164,20.600000381469727,16.84000015258789,20.1200008392334,20.1200008392334,12561900,25.32239339417768
2021-02-24,20.0,20.299999237060547,19.0,19.40999984741211,19.40999984741211,7947300,17.865419942018363
2021-02-25,20.43000030517578,21.0,18.524999618530273,18.719999313354492,18.719999313354492,7962300,15.543480289004748
2021-02-26,18.850000381469727,19.219999313354492,17.767000198364258,18.43000030517578,18.43000030517578,9106700,18.990706172336658
2021-03-01,19.739999771118164,19.850000381469727,19.049999237060547,19.34000015258789,19.34000015258789,4422200,28.057555273087047
2021-03-02,19.399999618530273,19.610000610351562,18.6200008392334,18.770000457763672,18.770000457763672,3809000,25.255967734340814
2021-03-03,18.780000686645508,19.0,17.100000381469727,17.219999313354492,17.219999313354492,7175500,21.743384058972765
2021-03-04,17.299999237060547,17.579999923706055,14.75,16.059999465942383,16.059999465942383,15322900,18.954823539826506
2021-03-05,16.40999984741211,17.8799991607666,13.140000343322754,17.719999313354492,17.719999313354492,18226600,24.504946989237325
2021-03-08,16.84000015258789,17.700000762939453,15.760000228881836,16.110000610351562,16.110000610351562,7871800,19.279820534635775
2021-03-09,17.25,18.389999389648438,16.549999237060547,17.479999542236328,17.479999542236328,8573200,27.591032841532012
2021-03-10,18.280000686645508,19.479999542236328,17.799999237060547,19.059999465942383,19.059999465942383,7508200,36.29191042005693
2021-03-11,19.5,19.81999969482422,18.700000762939453,19.360000610351562,19.360000610351562,4959600,38.87775525568856
2021-03-12,18.3799991607666,19.290000915527344,18.139999389648438,19.020000457763672,19.020000457763672,2859100,41.84040085311002
2021-03-15,19.020000457763672,19.579999923706055,18.469999313354492,19.479999542236328,19.479999542236328,3515900,47.57575245271328
2021-03-16,19.270000457763672,19.479999542236328,18.010000228881836,18.450000762939453,18.450000762939453,3023700,46.44970664632161
2021-03-17,17.610000610351562,19.354999542236328,17.5,19.149999618530273,19.149999618530273,3651400,51.589063064327995
2021-03-18,18.5,19.100000381469727,18.049999237060547,18.139999389648438,18.139999389648438,2999200,48.98245265557879
2021-03-19,17.770000457763672,18.43000030517578,17.059999465942383,18.25,18.25,3667400,45.947953903698306
2021-03-22,18.280000686645508,18.489999771118164,17.81999969482422,18.270000457763672,18.270000457763672,2317000,48.06201516002362
2021-03-23,17.959999084472656,18.18000030517578,17.270000457763672,17.899999618530273,17.899999618530273,2939000,52.90102583481511
2021-03-24,17.559999465942383,17.819000244140625,16.25,16.479999542236328,16.479999542236328,4642100,51.752922200380226
2021-03-25,15.699999809265137,16.790000915527344,15.109999656677246,16.6299991607666,16.6299991607666,5364400,44.79464936656699
2021-03-26,17.139999389648438,17.719999313354492,16.520000457763672,17.100000381469727,17.100000381469727,4598700,55.30546505473559
2021-03-29,16.979999542236328,17.09000015258789,16.219999313354492,16.440000534057617,16.440000534057617,2827900,43.96752374173086
2021-03-30,16.270000457763672,17.219999313354492,15.899999618530273,16.5,16.5,2634400,31.9718357155042
2021-03-31,16.969999313354492,17.360000610351562,16.68000030517578,17.149999618530273,17.149999618530273,2665300,35.16777629997351
2021-04-01,17.510000228881836,17.639999389648438,16.90999984741211,17.270000457763672,17.270000457763672,2322600,37.897647919776325
2021-04-05,17.739999771118164,17.84000015258789,16.65999984741211,16.719999313354492,16.719999313354492,2506600,31.14754354655767
2021-04-06,16.510000228881836,17.30299949645996,16.5,17.260000228881836,17.260000228881836,1849500,41.28843424077093
2021-04-07,17.25,17.3700008392334,16.899999618530273,17.200000762939453,17.200000762939453,1988100,34.248808678276106
2021-04-08,17.030000686645508,18.639999389648438,17.020000457763672,18.139999389648438,18.139999389648438,2527700,50.0
2021-04-09,17.959999084472656,18.260000228881836,17.600000381469727,17.770000457763672,17.770000457763672,1655000,46.2382487313742
2021-04-12,17.8700008392334,17.959999084472656,16.850000381469727,17.0,17.0,2309300,41.093967268511314
2021-04-13,16.65999984741211,17.049999237060547,16.510000228881836,16.829999923706055,16.829999923706055,2235000,42.279944821755116
2021-04-14,16.940000534057617,17.239999771118164,16.459999084472656,16.68000030517578,16.68000030517578,2418200,51.76679123967555
2021-04-15,16.75,16.8700008392334,16.229999542236328,16.280000686645508,16.280000686645508,2088900,47.03892992252485
2021-04-16,16.139999389648438,16.440000534057617,15.930000305175781,16.31999969482422,16.31999969482422,2167000,42.88320234228082
2021-04-19,16.040000915527344,16.1200008392334,15.15999984741211,15.390000343322754,15.390000343322754,3816600,40.86955901580098
2021-04-20,15.5,15.84000015258789,14.739999771118164,14.869999885559082,14.869999885559082,3430900,36.876001569493475
2021-04-21,14.850000381469727,15.779999732971191,14.699999809265137,15.210000038146973,15.210000038146973,3494000,33.5593218695189
2021-04-22,15.9399995803833,16.469999313354492,15.399999618530273,15.84000015258789,15.84000015258789,3141200,38.84554785705891
2021-04-23,16.389999389648438,16.6299991607666,15.619999885559082,16.170000076293945,16.170000076293945,3029400,45.557354373546566
2021-04-26,16.479999542236328,16.8700008392334,16.020000457763672,16.68000030517578,16.68000030517578,1964800,45.29220537946973
2021-04-27,17.149999618530273,17.549999237060547,16.75,17.399999618530273,17.399999618530273,2583000,51.46626815548089
2021-04-28,17.25,17.700000762939453,17.059999465942383,17.549999237060547,17.549999237060547,1771200,45.10779055846122
2021-04-29,17.8700008392334,17.8700008392334,16.815000534057617,17.43000030517578,17.43000030517578,2095200,47.0588206177239
2021-04-30,17.0,17.3700008392334,16.940000534057617,17.0,17.0,1385100,50.0
2021-05-03,17.0,17.149999618530273,16.18000030517578,16.3700008392334,16.3700008392334,1636500,46.101699901432035
2021-05-04,16.190000534057617,16.399999618530273,15.710000038146973,16.170000076293945,16.170000076293945,1985800,45.71428159276195
2021-05-05,16.239999771118164,16.299999237060547,15.479999542236328,15.539999961853027,15.539999961853027,290200,44.01293664374709
2021-05-06,15.5,15.559000015258789,14.899999618530273,15.0,15.0,2630300,40.119760393553506
2021-05-07,15.199999809265137,16.988000869750977,14.869999885559082,16.510000228881836,16.510000228881836,5987800,57.713498604495854
2021-05-10,17.399999618530273,17.554000854492188,16.270000457763672,16.3700008392334,16.3700008392334,4997000,60.901172562283755
2021-05-11,15.149999618530273,16.329999923706055,15.079999923706055,15.170000076293945,15.170000076293945,5043000,49.74160227413162
2021-05-12,15.130000114440918,15.550000190734863,14.899999618530273,15.050000190734863,15.050000190734863,4218100,44.536652032665536
2021-05-13,15.199999809265137,15.449999809265137,14.140000343322754,14.609999656677246,14.609999656677246,3765200,39.37329298450331
2021-05-14,14.960000038146973,15.489999771118164,14.619999885559082,14.9399995803833,14.9399995803833,2838700,37.84915507239601
2021-05-17,15.020000457763672,15.899999618530273,14.949999809265137,15.479999542236328,15.479999542236328,2563400,36.246416889600575
2021-05-18,16.0,17.399999618530273,15.800000190734863,16.799999237060547,16.799999237060547,5163700,45.39877279076946
2021-05-19,16.309999465942383,17.739999771118164,16.200000762939453,17.43000030517578,17.43000030517578,4685700,50.0
2021-05-20,17.75,18.75,17.75,18.399999618530273,18.399999618530273,5498600,57.60869294799365
2021-05-21,18.700000762939453,18.850000381469727,18.280000686645508,18.780000686645508,18.780000686645508,3054800,63.46368228141844
2021-05-24,19.0,20.079999923706055,18.8700008392334,19.780000686645508,19.780000686645508,5276200,68.51282002124884
2021-05-25,20.5,21.799999237060547,19.84000015258789,20.18000030517578,20.18000030517578,9338500,74.36974608925969
2021-05-26,20.040000915527344,20.280000686645508,19.010000228881836,19.899999618530273,19.899999618530273,6073300,76.45787520587413
2021-05-27,19.8799991607666,20.040000915527344,19.25,19.790000915527344,19.790000915527344,4097900,70.86514269684515
2021-05-28,19.770000457763672,20.649999618530273,19.299999237060547,20.149999618530273,20.149999618530273,5370500,73.391081775921
2021-06-01,21.974000930786133,22.899999618530273,20.43000030517578,22.649999618530273,22.649999618530273,9159400,89.87206935754676
2021-06-02,23.65999984741211,24.950000762939453,22.649999618530273,23.209999084472656,23.209999084472656,14678900,91.54786120055181
2021-06-03,22.84000015258789,23.5,22.350000381469727,22.68000030517578,22.68000030517578,5879000,90.71646368602453
2021-06-04,22.871000289916992,22.871000289916992,20.0,20.81999969482422,20.81999969482422,13434200,75.69930642687422
2021-06-07,20.702999114990234,21.465999603271484,20.309999465942383,21.209999084472656,21.209999084472656,4755400,75.3764438159822
2021-06-08,21.020000457763672,24.200000762939453,20.649999618530273,23.889999389648438,23.889999389648438,11306900,78.02372108858512
2021-06-09,24.25,24.459999084472656,22.229999542236328,22.709999084472656,22.709999084472656,9407300,70.0
2021-06-10,22.829999923706055,23.399999618530273,21.43000030517578,23.020000457763672,23.020000457763672,6526500,68.42105743477407
2021-06-11,23.100000381469727,23.299999237060547,22.158000946044922,22.399999618530273,22.399999618530273,2769400,64.16275147752373
2021-06-14,22.25,22.579999923706055,21.389999389648438,21.81999969482422,21.81999969482422,4099800,58.2524240382124
2021-06-15,21.59000015258789,21.68000030517578,20.690000534057617,20.799999237060547,20.799999237060547,3531200,52.388285646187114
2021-06-16,21.209999084472656,22.639999389648438,21.100000381469727,21.829999923706055,21.829999923706055,9596000,57.0284062983349
2021-06-17,22.0,23.270000457763672,21.399999618530273,22.700000762939453,22.700000762939453,7359600,60.04140617780805
2021-06-18,22.719999313354492,23.68000030517578,22.219999313354492,23.040000915527344,23.040000915527344,5991500,59.986180622844756
2021-06-21,22.81999969482422,23.200000762939453,22.219999313354492,22.510000228881836,22.510000228881836,3590300,49.440002612303886
2021-06-22,22.65999984741211,22.81999969482422,21.09000015258789,21.200000762939453,21.200000762939453,6586300,42.41510285716424
2021-06-23,21.329999923706055,21.700000762939453,20.899999618530273,21.399999618530273,21.399999618530273,5328500,45.04643846300224
2021-06-24,21.520000457763672,21.649999618530273,20.809999465942383,20.8700008392334,20.8700008392334,6475100,50.21570809112287
2021-06-25,19.770000457763672,19.899999618530273,18.5,18.5,18.5,36679200,40.014744349287874
2021-06-28,18.170000076293945,19.969999313354492,17.649999618530273,19.260000228881836,19.260000228881836,56821000,30.128764822673105
2021-06-29,20.520000457763672,20.989999771118164,18.639999389648438,18.8700008392334,18.8700008392334,57158300,32.3204541666513
2021-06-30,19.326000213623047,19.799999237060547,19.0,19.170000076293945,19.170000076293945,27479600,32.2580633819839
2021-07-01,19.229999542236328,19.239999771118164,18.15999984741211,18.25,18.25,19839100,31.39013560308399
2021-07-02,18.274999618530273,18.579999923706055,17.75,18.079999923706055,18.079999923706055,25687900,32.588455070661595
2021-07-06,18.084999084472656,18.084999084472656,17.219999313354492,17.350000381469727,17.350000381469727,20245500,33.49282663440174
2021-07-07,17.559999465942383,17.579999923706055,16.799999237060547,16.940000534057617,16.940000534057617,17530000,25.127159835071552
2021-07-08,16.299999237060547,16.799999237060547,16.100000381469727,16.6200008392334,16.6200008392334,18443700,17.241368679310668
2021-07-09,16.920000076293945,17.299999237060547,16.43000030517578,16.450000762939453,16.450000762939453,17663000,13.830941434954795
2021-07-12,16.510000228881836,16.84000015258789,16.219999313354492,16.420000076293945,16.420000076293945,14071000,14.634132293395965
2021-07-13,16.3799991607666,16.6200008392334,15.800000190734863,16.0,16.0,16623000,16.321227265607277
2021-07-14,16.048999786376953,16.21500015258789,15.369999885559082,15.520000457763672,15.520000457763672,19069000,13.24999648332512
2021-07-15,15.619999885559082,16.420000076293945,15.449999809265137,15.989999771118164,15.989999771118164,16186000,19.26950936931128
2021-07-16,16.100000381469727,16.190000534057617,15.220000267028809,15.300000190734863,15.300000190734863,14214600,24.440885345294987
2021-07-19,15.0,15.529999732971191,14.869999885559082,15.170000076293945,15.170000076293945,14780900,13.676712718599873
2021-07-20,15.180000305175781,15.289999961853027,14.939000129699707,15.0600004196167,15.0600004196167,11683000,14.392502939902982
2021-07-21,15.140000343322754,16.649999618530273,15.104000091552734,16.559999465942383,16.559999465942383,27892400,30.07632309625417
2021-07-22,16.489999771118164,16.600000381469727,15.710000038146973,16.049999237060547,16.049999237060547,18833300,32.084676994725584
2021-07-23,15.890000343322754,16.048999786376953,15.4399995803833,15.699999809265137,15.699999809265137,10370000,31.1708757375324
2021-07-26,15.760000228881836,16.09000015258789,15.479999542236328,15.510000228881836,15.510000228881836,8994900,34.08303504870507
2021-07-27,15.489999771118164,15.5,14.720000267028809,14.920000076293945,14.920000076293945,16735400,33.05367940846563
2021-07-28,15.119999885559082,15.479000091552734,15.079999923706055,15.369999885559082,15.369999885559082,10131600,39.73726182599742
2021-07-29,15.875,16.239999771118164,15.510000228881836,15.600000381469727,15.600000381469727,12748300,43.089425221050924
2021-07-30,15.354999542236328,15.789999961853027,15.350000381469727,15.4399995803833,15.4399995803833,6653700,42.19744557942189
2021-08-02,15.579999923706055,16.31999969482422,15.40999984741211,15.729999542236328,15.729999542236328,15097600,47.80487351017408
2021-08-03,15.770000457763672,16.048999786376953,15.010000228881836,15.109999656677246,15.109999656677246,16166800,46.740851129573755
2021-08-04,15.229999542236328,16.579999923706055,15.199999809265137,16.389999389648438,16.389999389648438,25718500,52.81689932743112
2021-08-05,16.604999542236328,16.729999542236328,15.880000114440918,16.059999465942383,16.059999465942383,14501500,55.63797780824945
2021-08-06,16.059999465942383,16.940000534057617,16.059999465942383,16.709999084472656,16.709999084472656,13993700,60.60605622738964
2021-08-09,16.989999771118164,17.31999969482422,16.559999465942383,16.90999984741211,16.90999984741211,15571300,62.58503110081402
2021-08-10,17.020000457763672,17.270000457763672,16.559999465942383,16.989999771118164,16.989999771118164,12830200,53.62563476430575
2021-08-11,17.15999984741211,17.270000457763672,16.514999389648438,16.899999618530273,16.899999618530273,17104700,57.71325178004774
2021-08-12,16.969999313354492,17.520000457763672,16.739999771118164,17.459999084472656,17.459999084472656,35861400,65.3846083308116
2021-08-13,15.350000381469727,15.529999732971191,14.90999984741211,14.989999771118164,14.989999771118164,59983500,46.74999713897705
2021-08-16,15.005000114440918,15.140000343322754,14.180000305175781,14.289999961853027,14.289999961853027,26155000,46.11590541855192
2021-08-17,14.079999923706055,14.699999809265137,13.5600004196167,13.75,13.75,31925000,40.121951687555814
2021-08-18,13.979999542236328,14.579999923706055,13.850000381469727,14.220000267028809,14.220000267028809,20754500,41.82464346533625
2021-08-19,13.989999771118164,14.119999885559082,13.770000457763672,13.819999694824219,13.819999694824219,15576700,40.66820272700335
2021-08-20,13.979999542236328,14.270000457763672,13.899999618530273,14.039999961853027,14.039999961853027,17618000,40.185832475192555
2021-08-23,14.265000343322754,14.5,14.220000267028809,14.430000305175781,14.430000305175781,13277100,45.94272468845407
2021-08-24,14.479999542236328,14.930000305175781,14.470000267028809,14.760000228881836,14.760000228881836,13649900,39.03096168360091
2021-08-25,14.800000190734863,15.079999923706055,14.510000228881836,14.850000381469727,14.850000381469727,13785300,41.585542457603935
2021-08-26,14.762999534606934,14.789999961853027,14.199999809265137,14.359999656677246,14.359999656677246,16743800,33.28592546609633
2021-08-27,14.3100004196167,14.40999984741211,14.039999961853027,14.039999961853027,14.039999961853027,19756400,29.93007233652456
2021-08-30,14.178999900817871,14.380000114440918,14.01099967956543,14.1899995803833,14.1899995803833,15445700,30.609417678822837
2021-08-31,14.180000305175781,14.25,13.970000267028809,14.180000305175781,14.180000305175781,14530700,30.952384132567687
2021-09-01,14.142999649047852,14.6899995803833,14.109999656677246,14.569999694824219,14.569999694824219,16856500,29.268295018973603
2021-09-02,14.600000381469727,15.199999809265137,14.399999618530273,15.0600004196167,15.0600004196167,19534100,50.70140920171357
2021-09-03,15.020000457763672,15.529999732971191,14.920000076293945,15.15999984741211,15.15999984741211,18793200,59.90888174852153
2021-09-07,15.5,16.1299991607666,15.460000038146973,15.84000015258789,15.84000015258789,21664600,73.06843085862255
2021-09-08,15.8100004196167,16.006000518798828,15.135000228881836,15.470000267028809,15.470000267028809,15621400,64.10835117256725
2021-09-09,15.3100004196167,15.84000015258789,15.260000228881836,15.6899995803833,15.6899995803833,18395800,72.00000359030412
2021-09-10,15.770000457763672,15.90999984741211,15.229999542236328,15.289999961853027,15.289999961853027,17029500,64.10835724695869
2021-09-13,15.329999923706055,15.390000343322754,14.670000076293945,15.010000228881836,15.010000228881836,20253100,56.71296551803306
2021-09-14,15.022000312805176,15.329999923706055,14.380000114440918,14.5,14.5,24475700,47.11110734350728
2021-09-15,14.84000015258789,15.5,14.630999565124512,15.449999809265137,15.449999809265137,34832000,55.597011937836776
2021-09-16,15.470999717712402,15.65999984741211,15.229999542236328,15.5,15.5,24121300,61.58537590005487
2021-09-17,15.520000457763672,15.579999923706055,15.0600004196167,15.09000015258789,15.09000015258789,55126300,60.47904932516562
2021-09-20,14.579999923706055,14.90999984741211,14.420000076293945,14.569999694824219,14.569999694824219,27954600,53.53160075350932
2021-09-21,14.619999885559082,15.279999732971191,14.5600004196167,15.170000076293945,15.170000076293945,23601500,58.291456323148985
2021-09-22,15.859999656677246,17.084999084472656,15.609999656677246,16.84000015258789,16.84000015258789,55383300,65.65517557078394
2021-09-23,17.200000762939453,17.350000381469727,16.670000076293945,17.139999389648438,17.139999389648438,29369500,64.73087399676751
2021-09-24,16.860000610351562,17.790000915527344,16.6200008392334,17.639999389648438,17.639999389648438,22923000,66.62198288601826
2021-09-27,17.65999984741211,18.079999923706055,16.850000381469727,17.700000762939453,17.700000762939453,35517600,63.59649538639146
2021-09-28,17.399999618530273,17.670000076293945,16.795000076293945,17.040000915527344,17.040000915527344,25569500,61.009822042770345
2021-09-29,16.350000381469727,17.170000076293945,16.010000228881836,16.010000228881836,16.010000228881836,38323200,52.015117056293796
2021-09-30,15.899999618530273,16.059999465942383,15.300000190734863,15.880000114440918,15.880000114440918,38688800,53.846153846153854
2021-10-01,15.880000114440918,16.489999771118164,15.75,16.450000762939453,16.450000762939453,18850300,59.045226190858436
2021-10-04,16.290000915527344,16.68000030517578,15.880000114440918,16.09000015258789,16.09000015258789,21849700,60.179254063371324
2021-10-05,16.145000457763672,16.760000228881836,16.079999923706055,16.25,16.25,13941200,55.69800436271831
2021-10-06,16.0,16.639999389648438,15.920000076293945,16.6200008392334,16.6200008392334,11896400,57.629429386041956
2021-10-07,16.937000274658203,17.09000015258789,16.34000015258789,16.399999618530273,16.399999618530273,15267800,59.16082858363865
2021-10-08,16.527000427246094,16.649999618530273,16.170000076293945,16.209999084472656,16.209999084472656,11054400,62.02344638606663
2021-10-11,16.899999618530273,18.510000228881836,16.829999923706055,18.389999389648438,18.389999389648438,69669600,69.16665039366288
2021-10-12,18.170000076293945,19.020000457763672,17.84000015258789,18.969999313354492,18.969999313354492,47239700,64.56906736719279
2021-10-13,19.0,19.309999465942383,18.489999771118164,18.920000076293945,18.920000076293945,31335900,62.60622789395365
2021-10-14,19.799999237060547,19.809999465942383,18.94499969482422,19.6200008392334,19.6200008392334,33917700,63.636362442181905
2021-10-15,19.559999465942383,19.860000610351562,19.31999969482422,19.3799991607666,19.3799991607666,22190300,61.29030231963137
2021-10-18,19.18000030517578,21.0,19.1200008392334,20.850000381469727,20.850000381469727,48421800,73.09088450032137
2021-10-19,21.040000915527344,21.079999923706055,20.184999465942383,20.219999313354492,20.219999313354492,26292200,76.81525342806083
2021-10-20,20.364999771118164,21.190000534057617,19.8700008392334,21.049999237060547,21.049999237060547,25757100,80.23388534480537
2021-10-21,20.889999389648438,21.774999618530273,20.764999389648438,20.989999771118164,20.989999771118164,24771700,78.23380136878247
2021-10-22,20.860000610351562,21.059999465942383,20.200000762939453,20.579999923706055,20.579999923706055,18994500,77.75028745774188
2021-10-25,20.6200008392334,21.079999923706055,20.100000381469727,20.690000534057617,20.690000534057617,15053100,77.61192082422065
2021-10-26,20.94499969482422,20.969999313354492,19.459999084472656,19.959999084472656,19.959999084472656,26725500,69.88092478172797
2021-10-27,20.0,20.479999542236328,19.139999389648438,19.25,19.25,17585700,66.02923927299378
2021-10-28,19.55500030517578,20.200000762939453,19.479999542236328,19.90999984741211,19.90999984741211,15070700,69.76495199637768
2021-10-29,19.799999237060547,20.15999984741211,19.690000534057617,20.09000015258789,20.09000015258789,11538000,61.54891128294515
2021-11-01,20.530000686645508,22.809999465942383,20.280000686645508,22.6200008392334,22.6200008392334,52780200,69.60257514457736
2021-11-02,22.670000076293945,22.93000030517578,21.600000381469727,22.68000030517578,22.68000030517578,35482300,70.17166332369223
2021-11-03,22.670000076293945,23.6299991607666,22.440000534057617,22.959999084472656,22.959999084472656,26468800,68.7640278472793
2021-11-04,23.18000030517578,23.549999237060547,22.829999923706055,23.290000915527344,23.290000915527344,18496800,71.7463859576764
2021-11-05,22.889999389648438,23.2189998626709,22.239999771118164,22.56999969482422,22.56999969482422,19635300,60.436884495507655
2021-11-08,22.6299991607666,23.06999969482422,22.44499969482422,22.739999771118164,22.739999771118164,16884900,66.19537029273624
2021-11-09,23.139999389648438,23.25,21.610000610351562,22.139999389648438,22.139999389648438,24573000,57.218541139093404
2021-11-10,21.139999389648438,21.850000381469727,19.850000381469727,20.420000076293945,20.420000076293945,46108800,46.90554009013617
2021-11-11,23.989999771118164,24.649999618530273,22.600000381469727,22.969999313354492,22.969999313354492,72680100,60.52862954927764
2021-11-12,23.170000076293945,23.600000381469727,22.170000076293945,22.760000228881836,22.760000228881836,29275500,59.03929937508933
2021-11-15,22.975000381469727,24.1200008392334,22.75,22.920000076293945,22.920000076293945,30384300,63.602946783741885
2021-11-16,22.600000381469727,22.6299991607666,21.420000076293945,21.670000076293945,21.670000076293945,41386800,60.595446848189916
2021-11-17,21.850000381469727,22.040000915527344,21.024999618530273,21.1200008392334,21.1200008392334,18998300,55.34925308999768
2021-11-18,21.200000762939453,21.31999969482422,20.200000762939453,20.56999969482422,20.56999969482422,25447500,52.054792507255435
2021-11-19,20.110000610351562,21.100000381469727,19.940000534057617,20.3700008392334,20.3700008392334,25321200,37.967912474918876
2021-11-22,20.520000457763672,20.600000381469727,18.31999969482422,18.75,18.75,39766000,31.988999266081606
2021-11-23,18.534000396728516,18.655000686645508,17.3799991607666,17.809999465942383,17.809999465942383,31341700,27.74417067685151
2021-11-24,17.450000762939453,18.579999923706055,17.35099983215332,18.329999923706055,18.329999923706055,28778600,28.911560819361924
2021-11-26,17.875,18.31999969482422,17.799999237060547,18.209999084472656,18.209999084472656,13253100,30.465946819154297
2021-11-29,18.579999923706055,18.690000534057617,17.8700008392334,18.43000030517578,18.43000030517578,23366900,30.776096857230797
2021-11-30,18.25,18.540000915527344,17.1299991607666,17.200000762939453,17.200000762939453,67190100,29.13851958173649
2021-12-01,17.41200065612793,17.90999984741211,16.229999542236328,16.389999389648438,16.389999389648438,34471500,31.564501963102842
2021-12-02,16.40999984741211,16.625,15.960000038146973,16.43000030517578,16.43000030517578,27033800,11.163919323267578
2021-12-03,16.43000030517578,16.440000534057617,14.619999885559082,15.1899995803833,15.1899995803833,64350700,9.947109959795341
2021-12-06,15.0600004196167,15.84000015258789,14.5,15.720000267028809,15.720000267028809,34134800,13.34014695315335
2021-12-07,16.139999389648438,16.719999313354492,16.1200008392334,16.6200008392334,16.6200008392334,30846600,23.336876796446177
2021-12-08,16.790000915527344,17.165000915527344,16.25,16.940000534057617,16.940000534057617,25262600,27.380968845631827
2021-12-09,16.65999984741211,16.90999984741211,15.550000190734863,15.65999984741211,15.65999984741211,32398900,25.37614629755575
2021-12-10,15.789999961853027,15.869999885559082,14.869999885559082,15.010000228881836,15.010000228881836,41344200,24.280246417546124
2021-12-13,14.890000343322754,15.25,14.020000457763672,14.579999923706055,14.579999923706055,40507500,27.410634689912456
2021-12-14,14.270000457763672,14.720000267028809,14.15999984741211,14.479999542236328,14.479999542236328,26707800,30.154963421676015
2021-12-15,14.4399995803833,15.279999732971191,14.029999732971191,15.15999984741211,15.15999984741211,33540400,31.4620027456875
2021-12-16,15.355999946594238,15.4399995803833,14.180000305175781,14.270000457763672,14.270000457763672,43018000,28.862680596852428
2021-12-17,14.079999923706055,14.770000457763672,13.65999984741211,14.649999618530273,14.649999618530273,44408700,30.063294577417807
2021-12-20,14.479999542236328,15.210000038146973,14.279999732971191,14.59000015258789,14.59000015258789,31658600,34.29603140812081
2021-12-21,14.869999885559082,15.170000076293945,14.720000267028809,14.970000267028809,14.970000267028809,27695600,40.98985559462365
2021-12-22,14.859999656677246,15.369999885559082,14.729999542236328,14.989999771118164,14.989999771118164,24332100,40.83969197049968
2021-12-23,14.980999946594238,15.1899995803833,14.729999542236328,15.09000015258789,15.09000015258789,19824000,49.255956667992635
2021-12-27,15.109999656677246,15.489999771118164,14.850000381469727,15.390000343322754,15.390000343322754,19826700,47.457627616763396
2021-12-28,15.279999732971191,15.489999771118164,14.670000076293945,14.850000381469727,14.850000381469727,24049700,35.56280016242026
2021-12-29,14.831000328063965,14.833000183105469,14.180000305175781,14.470000267028809,14.470000267028809,20899600,30.048461757118076
2021-12-30,14.505000114440918,16.350000381469727,14.5,15.949999809265137,15.949999809265137,41348700,52.26917083594574
2021-12-31,15.925000190734863,16.489999771118164,15.739999771118164,15.8100004196167,15.8100004196167,30798200,56.802724784592
2022-01-03,16.100000381469727,16.1299991607666,15.449999809265137,15.680000305175781,15.680000305175781,27500900,59.85663774651123
2022-01-04,15.609999656677246,15.861000061035156,14.59000015258789,15.050000190734863,15.050000190734863,34175900,54.664491476786296
2022-01-05,14.880000114440918,15.229999542236328,14.039999961853027,14.100000381469727,14.100000381469727,35103100,41.69279057781328
2022-01-06,14.015999794006348,14.270000457763672,13.010000228881836,13.779999732971191,13.779999732971191,46269400,45.783125212873784
2022-01-07,13.821000099182129,14.399999618530273,13.619999885559082,13.739999771118164,13.739999771118164,28716200,41.68190163031255
2022-01-10,13.454999923706055,13.489999771118164,12.819999694824219,13.369999885559082,13.369999885559082,37040300,39.44636398450427
2022-01-11,13.295000076293945,14.140000343322754,13.25,13.9399995803833,13.9399995803833,24517400,41.37352759537623
2022-01-12,14.300000190734863,14.420000076293945,13.75,13.859999656677246,13.859999656677246,24842400,40.63018105737023
2022-01-13,14.0,14.039999961853027,13.055000305175781,13.09000015258789,13.09000015258789,29900800,35.07462431630792
2022-01-14,12.95199966430664,13.319999694824219,12.65999984741211,13.199999809265137,13.199999809265137,32460700,33.17971506372187
2022-01-18,12.800000190734863,13.109999656677246,12.020000457763672,12.0600004196167,12.0600004196167,50314700,30.37974089291039
2022-01-19,14.369999885559082,14.390000343322754,13.369999885559082,13.710000038146973,13.710000038146973,186755800,45.465390942867835
2022-01-20,14.270000457763672,16.469999313354492,14.010000228881836,15.0,15.0,268936000,44.20024371683899
2022-01-21,14.984999656677246,14.984999656677246,13.640000343322754,13.890000343322754,13.890000343322754,135687400,39.51964788170771
2022-01-24,13.010000228881836,13.350000381469727,11.829999923706055,13.300000190734863,13.300000190734863,136949000,37.62993443537264
2022-01-25,12.746000289916992,13.449999809265137,12.579999923706055,12.760000228881836,12.760000228881836,72818300,37.985307007646504
2022-01-26,13.140000343322754,13.859999656677246,12.449999809265137,12.579999923706055,12.579999923706055,83654000,41.32419663810143
2022-01-27,12.720000267028809,12.789999961853027,11.270000457763672,11.359999656677246,11.359999656677246,83981800,37.47411701685082
2022-01-28,11.34000015258789,11.34000015258789,10.510000228881836,11.100000381469727,11.100000381469727,78767700,36.639675488092195
2022-01-31,11.199999809265137,12.494999885559082,11.050000190734863,12.479999542236328,12.479999542236328,73077100,45.91367939841259
2022-02-01,12.682000160217285,13.550000190734863,12.369999885559082,13.270000457763672,13.270000457763672,89022400,46.984701807612346
2022-02-02,13.029999732971191,13.0600004196167,11.899999618530273,12.15999984741211,12.15999984741211,73581200,42.99835243706632
2022-02-03,11.770000457763672,12.220000267028809,11.380000114440918,11.569999694824219,11.569999694824219,55485600,43.6454825496724
2022-02-04,11.539999961853027,12.074999809265137,11.15999984741211,11.890000343322754,11.890000343322754,46870800,44.61791512847176
2022-02-07,11.932000160217285,12.399999618530273,11.661999702453613,11.720000267028809,11.720000267028809,37906200,48.482142279342774
2022-02-08,11.720000267028809,12.149999618530273,11.529999732971191,12.130000114440918,12.130000114440918,32936100,42.06827426521603
2022-02-09,12.40999984741211,12.989999771118164,12.1899995803833,12.859999656677246,12.859999656677246,47536700,38.61702014332508
2022-02-10,12.425000190734863,13.40999984741211,12.289999961853027,12.390000343322754,12.390000343322754,57391400,41.43835638808273
2022-02-11,12.725000381469727,13.25,12.289999961853027,12.399999618530273,12.399999618530273,76947100,44.498773572400154
2022-02-14,12.588000297546387,12.869999885559082,11.920000076293945,12.0,12.0,73358600,45.27362983435245
2022-02-15,12.260000228881836,12.63700008392334,11.970000267028809,12.579999923706055,12.579999923706055,51170300,50.0
2022-02-16,12.609999656677246,13.279999732971191,12.602999687194824,13.079999923706055,13.079999923706055,58488200,61.13990046948705
2022-02-17,12.90999984741211,13.170000076293945,12.149999618530273,12.180000305175781,12.180000305175781,44690000,56.459330689358346
2022-02-18,12.173999786376953,12.229999542236328,11.170000076293945,11.390000343322754,11.390000343322754,59994500,42.98584769316969
2022-02-22,11.029999732971191,11.15999984741211,10.1899995803833,10.260000228881836,10.260000228881836,76018700,31.44265899964134
2022-02-23,10.678999900817871,10.6899995803833,9.819999694824219,9.819999694824219,9.819999694824219,62010000,34.27418962022733
2022-02-24,8.859999656677246,10.380000114440918,8.819999694824219,10.329999923706055,10.329999923706055,76026500,41.57608702694312
2022-02-25,10.470000267028809,10.720000267028809,9.970000267028809,10.670000076293945,10.670000076293945,46588100,41.73441352698182
2022-02-28,10.680000305175781,11.760000228881836,10.670000076293945,11.449999809265137,11.449999809265137,64380500,48.31038466863688
2022-03-01,11.960000038146973,11.979999542236328,11.199999809265137,11.199999809265137,11.199999809265137,107850300,44.0612992287294
2022-03-02,12.949999809265137,13.0,11.510000228881836,11.579999923706055,11.579999923706055,147527000,41.44385043782967
2022-03-03,11.489999771118164,11.510000228881836,10.61400032043457,10.6899995803833,10.6899995803833,70875700,39.24050098083597
2022-03-04,10.642000198364258,11.010000228881836,9.920000076293945,10.0,10.0,63130700,36.0139881126385
2022-03-07,9.975000381469727,10.220000267028809,9.59000015258789,9.619999885559082,9.619999885559082,54287700,36.09813085413675
2022-03-08,9.510000228881836,10.08899974822998,9.279999732971191,9.720000267028809,9.720000267028809,50878200,32.30198424431056
2022-03-09,9.960000038146973,10.09000015258789,9.645000457763672,9.869999885559082,9.869999885559082,53891100,29.23674105942723
2022-03-10,9.710000038146973,9.819999694824219,9.180000305175781,9.40999984741211,9.40999984741211,47638400,31.001370988419865
2022-03-11,9.510000228881836,9.536999702453613,8.520000457763672,8.550000190734863,8.550000190734863,71568500,30.706522302501327
2022-03-14,8.449999809265137,8.449999809265137,7.735000133514404,7.929999828338623,7.929999828338623,75632700,32.9926999372733
2022-03-15,7.960000038146973,8.289999961853027,7.789999961853027,8.199999809265137,8.199999809265137,52317400,37.874252907564404
2022-03-16,8.079999923706055,8.760000228881836,8.050000190734863,8.569999694824219,8.569999694824219,84406700,36.54434067929901
2022-03-17,8.550000190734863,9.079999923706055,8.380000114440918,8.90999984741211,8.90999984741211,67654100,36.54434067929901
2022-03-18,8.920000076293945,9.975000381469727,8.819999694824219,9.869999885559082,9.869999885559082,66667100,38.244048653850435
2022-03-21,9.819999694824219,9.930000305175781,9.329999923706055,9.569999694824219,9.569999694824219,39791700,37.96159524205295
2022-03-22,9.5600004196167,10.0600004196167,9.25,9.720000267028809,9.720000267028809,56998400,35.779821129220224
2022-03-23,9.600000381469727,9.779999732971191,9.324999809265137,9.369999885559082,9.369999885559082,38946300,39.00000429153374
2022-03-24,9.399999618530273,9.508999824523926,9.069999694824219,9.470000267028809,9.470000267028809,30175800,45.101667642669454
2022-03-25,9.420000076293945,9.420000076293945,8.90999984741211,9.010000228881836,9.010000228881836,42524700,44.444449269753214
2022-03-28,9.029999732971191,9.279999732971191,8.84000015258789,9.25,9.25,33300900,45.82593092485725
2022-03-29,9.25,10.210000038146973,9.220000267028809,10.140000343322754,10.140000343322754,72805100,52.11931225878372
2022-03-30,10.029999732971191,10.569999694824219,9.631999969482422,9.770000457763672,9.770000457763672,59785700,52.86624614904741
2022-03-31,9.819999694824219,9.869999885559082,9.420000076293945,9.449999809265137,9.449999809265137,33702800,57.83971433645981
2022-04-01,9.470000267028809,9.619999885559082,9.210000038146973,9.329999923706055,9.329999923706055,29654500,63.358774041250584
2022-04-04,9.420000076293945,10.029999732971191,9.399999618530273,9.770000457763672,9.770000457763672,34363300,64.51016508781643
2022-04-05,9.829999923706055,10.095000267028809,9.09000015258789,9.119999885559082,9.119999885559082,47197100,54.83303921409237
2022-04-06,8.979999542236328,9.029999732971191,8.460000038146973,8.75,8.75,56769400,48.60140070004992
2022-04-07,8.274999618530273,8.385000228881836,7.639999866485596,8.119999885559082,8.119999885559082,109248300,33.76624341717405
2022-04-08,8.069999694824219,8.100000381469727,7.78000020980835,7.869999885559082,7.869999885559082,39037800,34.082407772691326
2022-04-11,7.699999809265137,7.929999828338623,7.559999942779541,7.71999979019165,7.71999979019165,37461600,31.273412671021717
2022-04-12,7.809999942779541,8.09000015258789,7.369999885559082,7.480000019073486,7.480000019073486,58650300,31.93117427990549
2022-04-13,7.449999809265137,7.679999828338623,7.239999771118164,7.610000133514404,7.610000133514404,39309500,32.31939594360378
2022-04-14,7.659999847412109,7.659999847412109,7.21999979019165,7.260000228881836,7.260000228881836,42198000,33.00971377186784
2022-04-18,7.260000228881836,7.315000057220459,6.96999979019165,7.130000114440918,7.130000114440918,50207800,28.968262903691226
2022-04-19,7.110000133514404,7.579999923706055,7.050000190734863,7.409999847412109,7.409999847412109,39488900,19.18736207516028
2022-04-20,7.360000133514404,7.360000133514404,6.929999828338623,6.949999809265137,6.949999809265137,56574300,18.80531230186736
2022-04-21,7.03000020980835,7.110000133514404,6.480000019073486,6.599999904632568,6.599999904632568,66530900,18.681324324361157
2022-04-22,6.599999904632568,6.679999828338623,6.320000171661377,6.389999866485596,6.389999866485596,45591900,18.318970500536082
2022-04-25,6.269999980926514,6.610000133514404,6.230000019073486,6.550000190734863,6.550000190734863,37571500,13.073396602470098
2022-04-26,6.5,6.5,6.139999866485596,6.289999961853027,6.289999961853027,49526100,14.357685977889659
2022-04-27,6.25,6.460000038146973,6.090000152587891,6.150000095367432,6.150000095367432,42697500,15.24064529067877
2022-04-28,6.300000190734863,6.539999961853027,6.019999980926514,6.449999809265137,6.449999809265137,46069000,25.51319426654331
2022-04-29,6.369999885559082,6.75,6.099999904632568,6.119999885559082,6.119999885559082,33526800,24.928365117924983
2022-05-02,6.105000019073486,6.340000152587891,6.010000228881836,6.329999923706055,6.329999923706055,43738400,30.42253551396132
2022-05-03,6.28000020980835,6.420000076293945,6.179999828338623,6.400000095367432,6.400000095367432,27381700,34.02367030859263
2022-05-04,6.360000133514404,7.170000076293945,6.199999809265137,7.139999866485596,7.139999866485596,77128300,44.1102720051398
2022-05-05,7.050000190734863,7.110000133514404,6.570000171661377,6.829999923706055,6.829999923706055,46638700,44.55695789950204
2022-05-06,6.820000171661377,6.869999885559082,6.34499979019165,6.440000057220459,6.440000057220459,50526800,41.805224119717174
2022-05-09,6.230000019073486,6.389999866485596,5.789999961853027,5.96999979019165,5.96999979019165,51638700,33.63636334080341
2022-05-10,5.75,5.800000190734863,4.820000171661377,5.25,5.25,125633800,31.759658101606846
2022-05-11,5.210000038146973,5.610000133514404,4.949999809265137,5.489999771118164,5.489999771118164,76698100,37.80219556801317
2022-05-12,5.309999942779541,5.789999961853027,5.050000190734863,5.659999847412109,5.659999847412109,66310000,41.906872957780884
2022-05-13,6.079999923706055,6.860000133514404,6.010000228881836,6.75,6.75,74842000,51.83823368283279
2022-05-16,7.019999980926514,7.235000133514404,6.835000038146973,6.909999847412109,6.909999847412109,60528400,55.805243245029146
2022-05-17,7.090000152587891,7.340000152587891,6.960000038146973,7.050000190734863,7.050000190734863,54578600,58.42696769678084
2022-05-18,6.929999828338623,7.559999942779541,6.800000190734863,7.230000019073486,7.230000019073486,54156900,57.471266677768504
2022-05-19,7.25,7.989999771118164,7.150000095367432,7.75,7.75,57737200,65.06469649181814
2022-05-20,8.020000457763672,8.039999961853027,7.130000114440918,7.489999771118164,7.489999771118164,56792900,60.62270915116873
2022-05-23,7.360000133514404,7.489999771118164,7.099999904632568,7.269999980926514,7.269999980926514,33054600,57.75401014974727
2022-05-24,7.070000171661377,7.150000095367432,6.619999885559082,6.71999979019165,6.71999979019165,38264600,46.12546060533333
2022-05-25,6.739999771118164,7.159999847412109,6.677999973297119,7.010000228881836,7.010000228881836,35566800,51.66666931576171
2022-05-26,7.070000171661377,7.389999866485596,6.90500020980835,7.139999866485596,7.139999866485596,35132100,56.80933621117836
2022-05-27,7.289999961853027,7.679999828338623,7.190000057220459,7.550000190734863,7.550000190734863,38264400,65.55118381855108
2022-05-31,7.494999885559082,7.699999809265137,7.260000228881836,7.480000019073486,7.480000019073486,61518900,75.16929599795918
2022-06-01,7.494999885559082,7.619999885559082,6.949999809265137,7.050000190734863,7.050000190734863,36804600,66.8831183575667
2022-06-02,7.039999961853027,7.420000076293945,6.954999923706055,7.420000076293945,7.420000076293945,28783000,68.25726132868975
2022-06-03,7.150000095367432,7.25,6.889999866485596,6.980000019073486,6.980000019073486,29389200,52.75779362787839
2022-06-06,7.079999923706055,7.264999866485596,6.769999980926514,6.860000133514404,6.860000133514404,39384000,49.394676673856935
2022-06-07,6.75,6.900000095367432,6.671000003814697,6.860000133514404,6.860000133514404,26378400,47.61904704996165
2022-06-08,6.78000020980835,6.96999979019165,6.610000133514404,6.659999847412109,6.659999847412109,30467700,42.89276719018463
2022-06-09,6.679999828338623,6.690000057220459,6.110000133514404,6.110000133514404,6.110000133514404,35450400,29.702974153422346
2022-06-10,5.96999979019165,6.25,5.849999904632568,5.940000057220459,5.940000057220459,37492800,30.3797518781045
2022-06-13,5.610000133514404,5.73799991607666,5.34499979019165,5.610000133514404,5.610000133514404,51080200,29.556654238365482
2022-06-14,5.75,6.038000106811523,5.71999979019165,5.925000190734863,5.925000190734863,39077700,39.60784915042585
2022-06-15,5.949999809265137,6.170000076293945,5.682000160217285,5.940000057220459,5.940000057220459,59845400,34.92957383246413
2022-06-16,5.710000038146973,5.840000152587891,5.440000057220459,5.46999979019165,5.46999979019165,32073700,28.53470528401718
2022-06-17,5.570000171661377,5.849999904632568,5.510000228881836,5.699999809265137,5.699999809265137,53969200,25.06738056000475
2022-06-21,5.820000171661377,5.979000091552734,5.71999979019165,5.71999979019165,5.71999979019165,32297200,25.956280023805377
2022-06-22,5.619999885559082,5.820000171661377,5.539999961853027,5.599999904632568,5.599999904632568,34436600,28.358204068944104
2022-06-23,5.650000095367432,5.920000076293945,5.625,5.78000020980835,5.78000020980835,28993800,24.050637686639845
2022-06-24,5.880000114440918,6.179999828338623,5.789999961853027,6.130000114440918,6.130000114440918,87590000,36.156354118824396
2022-06-27,6.099999904632568,6.210000038146973,5.849999904632568,5.929999828338623,5.929999828338623,26805000,35.23809307556883
2022-06-28,5.929999828338623,5.96999979019165,5.5,5.559999942779541,5.559999942779541,31351800,31.534090601215723
2022-06-29,5.519999980926514,5.550000190734863,5.340000152587891,5.539999961853027,5.539999961853027,32700600,33.233535413295016
2022-06-30,5.429999828338623,5.510000228881836,5.230000019073486,5.269999980926514,5.269999980926514,27760700,36.274509192827
2022-07-01,5.260000228881836,5.485000133514404,5.170000076293945,5.409999847412109,5.409999847412109,21703300,41.254122555954005
2022-07-05,5.329999923706055,5.840000152587891,5.139999866485596,5.840000152587891,5.840000152587891,28258400,53.67412101637288
2022-07-06,5.800000190734863,6.099999904632568,5.78000020980835,5.900000095367432,5.900000095367432,25041500,49.565215804852066
2022-07-07,5.900000095367432,6.28000020980835,5.849999904632568,6.260000228881836,6.260000228881836,30799700,54.96894561703084
2022-07-08,6.0,6.369999885559082,5.929999828338623,6.190000057220459,6.190000057220459,26898900,62.76595924565055
2022-07-11,6.034999847412109,6.090000152587891,5.820000171661377,6.010000228881836,6.010000228881836,18679700,55.595674519616765
2022-07-12,6.019999980926514,6.230000019073486,5.900000095367432,6.039999961853027,6.039999961853027,18008300,55.75539833652454
2022-07-13,5.849999904632568,6.059999942779541,5.75,5.949999809265137,5.949999809265137,25769500,56.36363352625873
2022-07-14,5.880000114440918,5.96999979019165,5.760000228881836,5.909999847412109,5.909999847412109,17285100,52.49041438608497
2022-07-15,6.039999961853027,6.300000190734863,5.929999828338623,6.289999961853027,6.289999961853027,22335800,53.03029974630099
2022-07-18,6.329999923706055,6.59499979019165,6.309999942779541,6.349999904632568,6.349999904632568,20005800,58.40000152587891
2022-07-19,6.480000019073486,6.630000114440918,6.269999980926514,6.619999885559082,6.619999885559082,21273600,72.0833312637277
2022-07-20,6.690000057220459,7.079999923706055,6.659999847412109,6.96999979019165,6.96999979019165,24765700,76.19047286351191
2022-07-21,6.974999904632568,7.150000095367432,6.900000095367432,7.039999961853027,7.039999961853027,19858400,84.98023387635595
2022-07-22,7.050000190734863,7.059999942779541,6.519999980926514,6.619999885559082,6.619999885559082,21258200,71.53024657398493
2022-07-25,6.570000171661377,6.610000133514404,6.369999885559082,6.460000038146973,6.460000038146973,14153800,62.20472233997138
2022-07-26,6.369999885559082,6.369999885559082,6.119999885559082,6.139999866485596,6.139999866485596,16325700,54.28570990659782
2022-07-27,6.25,6.46999979019165,6.190000057220459,6.440000057220459,6.440000057220459,17437400,53.284668103094965
2022-07-28,6.449999809265137,6.559999942779541,6.090000152587891,6.300000190734863,6.300000190734863,21965900,51.957297789223375
2022-07-29,6.269999980926514,6.369999885559082,6.150000095367432,6.309999942779541,6.309999942779541,19058700,55.68181305056407
2022-08-01,6.269999980926514,6.409999847412109,6.139999866485596,6.360000133514404,6.360000133514404,21109900,56.01504008747989
2022-08-02,6.340000152587891,6.630000114440918,6.309999942779541,6.409999847412109,6.409999847412109,49460900,58.77862706564228
2022-08-03,7.28000020980835,8.420000076293945,7.050000190734863,8.229999542236328,8.229999542236328,147719800,76.36363518139537
2022-08-04,8.170000076293945,8.520000457763672,7.860000133514404,8.229999542236328,8.229999542236328,61791900,74.12935099133509
2022-08-05,8.020000457763672,8.260000228881836,7.820000171661377,7.960000038146973,7.960000038146973,43574400,69.03073864346675
2022-08-08,8.140000343322754,8.489999771118164,7.880000114440918,7.980000019073486,7.980000019073486,56810700,67.08543282507033
2022-08-09,7.699999809265137,7.760000228881836,7.25,7.389999866485596,7.389999866485596,50017000,54.97630503119781
2022-08-10,7.78000020980835,7.949999809265137,7.510000228881836,7.809999942779541,7.809999942779541,51807800,58.42450889155375
2022-08-11,8.079999923706055,8.140000343322754,7.364999771118164,7.420000076293945,7.420000076293945,65326100,58.810576712612495
2022-08-12,7.53000020980835,7.699999809265137,7.300000190734863,7.650000095367432,7.650000095367432,35779800,62.90672742876429
2022-08-15,7.570000171661377,7.699999809265137,7.389999866485596,7.619999885559082,7.619999885559082,38003000,67.12963295121966
2022-08-16,7.5,7.809000015258789,7.190000057220459,7.579999923706055,7.579999923706055,56783500,64.0394107183859
2022-08-17,7.429999828338623,7.449999809265137,6.820000171661377,6.880000114440918,6.880000114440918,75554900,56.277056902580696
2022-08-18,6.949999809265137,6.960000038146973,6.619999885559082,6.679999828338623,6.679999828338623,38842700,53.84615308358035
2022-08-19,6.519999980926514,6.53000020980835,6.269999980926514,6.329999923706055,6.329999923706055,47048200,49.70645582560261
2022-08-22,6.150000095367432,6.329999923706055,6.010000228881836,6.099999904632568,6.099999904632568,41817600,47.06994354481859
2022-08-23,6.150000095367432,6.25,6.010000228881836,6.170000076293945,6.170000076293945,55901700,20.90396203190822
2022-08-24,6.695000171661377,6.869999885559082,6.369999885559082,6.449999809265137,6.449999809265137,114014000,26.701572314482874
2022-08-25,6.630000114440918,6.71999979019165,6.389999866485596,6.690000057220459,6.690000057220459,53630800,33.24538477671757
2022-08-26,6.860000133514404,6.889999866485596,6.119999885559082,6.179999828338623,6.179999828338623,74661000,28.971963762164364
2022-08-29,6.090000152587891,6.22599983215332,5.96999979019165,6.0,6.0,55367700,32.04134707593502
2022-08-30,6.079999923706055,6.130000114440918,5.809999942779541,5.909999847412109,5.909999847412109,38113900,23.163843786549947
2022-08-31,5.96999979019165,6.079999923706055,5.869999885559082,5.920000076293945,5.920000076293945,32515900,26.265828801620998
2022-09-01,5.815000057220459,5.860000133514404,5.610000133514404,5.849999904632568,5.849999904632568,34316400,20.00000635782675
2022-09-02,5.989999771118164,6.0,5.699999809265137,5.739999771118164,5.739999771118164,29739700,19.480526316604312
2022-09-06,5.75,5.789999961853027,5.570000171661377,5.650000095367432,5.650000095367432,28734800,19.169337639796666
2022-09-07,5.599999904632568,5.849999904632568,5.570000171661377,5.820000171661377,5.820000171661377,25290200,29.615392445104604
2022-09-08,5.690000057220459,6.190000057220459,5.679999828338623,6.190000057220459,6.190000057220459,38945300,41.15524025014495
2022-09-09,6.230000019073486,6.340000152587891,6.170000076293945,6.329999923706055,6.329999923706055,30872900,50.0
2022-09-12,6.349999904632568,6.489999771118164,6.289999961853027,6.409999847412109,6.409999847412109,28634000,56.43153321724361
2022-09-13,6.019999980926514,6.139999866485596,5.789999961853027,5.840000152587891,5.840000152587891,44931900,44.32989792079324
2022-09-14,6.059999942779541,6.190000057220459,5.900000095367432,6.170000076293945,6.170000076293945,62819300,45.27027484184632
2022-09-15,6.130000114440918,6.650000095367432,6.099999904632568,6.409999847412109,6.409999847412109,58733500,45.270266025234676
2022-09-16,6.235000133514404,6.269999980926514,6.010000228881836,6.050000190734863,6.050000190734863,44028900,47.68683835638754
2022-09-19,5.949999809265137,6.099999904632568,5.889999866485596,6.079999923706055,6.079999923706055,30714100,51.50375858979476
2022-09-20,6.0,6.119999885559082,5.880000114440918,5.889999866485596,5.889999866485596,27278200,49.63768134721069
2022-09-21,5.889999866485596,6.039999961853027,5.690000057220459,5.690000057220459,5.690000057220459,36073900,46.10169244956232
2022-09-22,5.71999979019165,5.789999961853027,5.360000133514404,5.360000133514404,5.360000133514404,41535300,42.36760036685288
2022-09-23,5.260000228881836,5.369999885559082,5.159999847412109,5.309999942779541,5.309999942779541,40071900,43.17460197319871
2022-09-26,5.300000190734863,5.510000228881836,5.079999923706055,5.079999923706055,5.079999923706055,65463200,41.33737954240135
2022-09-27,5.230000019073486,5.329999923706055,5.0,5.079999923706055,5.079999923706055,35622200,38.14101579508585
2022-09-28,5.079999923706055,5.28000020980835,5.039999961853027,5.25,5.25,29843200,33.90410114439338
2022-09-29,5.119999885559082,5.159999847412109,4.789999961853027,4.840000152587891,4.840000152587891,56776400,26.645761558597485
2022-09-30,4.820000171661377,5.090000152587891,4.809999942779541,4.880000114440918,4.880000114440918,33884400,25.714279659208117
2022-10-03,4.940000057220459,5.21999979019165,4.809999942779541,5.130000114440918,5.130000114440918,33619400,37.45582514931075
2022-10-04,5.264999866485596,5.460000038146973,5.25,5.400000095367432,5.400000095367432,37930500,36.10107849585883
2022-10-05,5.269999980926514,5.320000171661377,5.070000171661377,5.28000020980835,5.28000020980835,36209300,28.679245215117504
2022-10-06,5.269999980926514,5.46999979019165,5.170000076293945,5.289999961853027,5.289999961853027,28449200,33.47825041339722
2022-10-07,5.130000114440918,5.150000095367432,4.960000038146973,5.010000228881836,5.010000228881836,27856200,29.019607549811738
2022-10-10,5.010000228881836,5.034999847412109,4.909999847412109,4.96999979019165,4.96999979019165,22211500,30.83332869741578
2022-10-11,4.949999809265137,5.170000076293945,4.769999980926514,5.0,5.0,35828900,34.52914683141711
2022-10-12,4.980000019073486,5.119999885559082,4.880000114440918,5.079999923706055,5.079999923706055,26339800,42.92928769921498
2022-10-13,4.889999866485596,5.21999979019165,4.840000152587891,5.090000152587891,5.090000152587891,32629000,44.329902481888176
2022-10-14,5.190000057220459,5.28000020980835,4.809999942779541,4.809999942779541,4.809999942779541,35776200,43.216081726524095
2022-10-17,4.949999809265137,5.099999904632568,4.849999904632568,5.070000171661377,5.070000171661377,33347900,49.777783334989905
2022-10-18,5.25,5.349999904632568,5.150000095367432,5.25,5.25,37401900,50.0
2022-10-19,5.210000038146973,5.21999979019165,4.96999979019165,4.989999771118164,4.989999771118164,35412300,53.55449230190699
2022-10-20,4.974999904632568,5.190000057220459,4.960000038146973,5.010000228881836,5.010000228881836,30718900,53.11004893852454
2022-10-21,4.96999979019165,5.159999847412109,4.900000095367432,5.150000095367432,5.150000095367432,33980000,50.50504977527254
2022-10-24,5.139999866485596,5.199999809265137,4.96999979019165,5.170000076293945,5.170000076293945,32703200,43.352604342523236
2022-10-25,5.199999809265137,5.679999828338623,5.190000057220459,5.659999847412109,5.659999847412109,49264000,59.04760672122136
2022-10-26,5.525000095367432,5.769999980926514,5.5,5.539999961853027,5.539999961853027,37510600,55.65610605889302
2022-10-27,5.619999885559082,5.659999847412109,5.343999862670898,5.349999904632568,5.349999904632568,26942700,58.018855299130784
2022-10-28,5.369999885559082,5.46999979019165,5.289999961853027,5.449999809265137,5.449999809265137,28751000,61.00917080016528
2022-10-31,5.559999942779541,5.670000076293945,5.360000133514404,5.440000057220459,5.440000057220459,61549200,60.18518498077971
2022-11-01,6.460000038146973,6.46999979019165,5.670000076293945,5.730000019073486,5.730000019073486,159097200,63.71308008388308
2022-11-02,5.675000190734863,5.699999809265137,5.03000020980835,5.119999885559082,5.119999885559082,106803800,50.50504596420799
2022-11-03,5.03000020980835,5.389999866485596,5.010000228881836,5.360000133514404,5.360000133514404,55484100,59.38566780630193
2022-11-04,5.494999885559082,5.510000228881836,5.059999942779541,5.179999828338623,5.179999828338623,53554200,51.929818279893
2022-11-07,5.230000019073486,5.284999847412109,5.119999885559082,5.179999828338623,5.179999828338623,39915100,48.689135633711984
2022-11-08,5.179999828338623,5.300000190734863,5.050000190734863,5.099999904632568,5.099999904632568,48009700,52.20883780242053
2022-11-09,5.03000020980835,5.059999942779541,4.940000057220459,4.980000019073486,4.980000019073486,45924000,49.420845297989196
2022-11-10,5.269999980926514,5.440000057220459,5.090000152587891,5.340000152587891,5.340000152587891,69817600,53.38078400515052
2022-11-11,5.320000171661377,6.0,5.320000171661377,5.949999809265137,5.949999809265137,84353300,61.470585595364916
2022-11-14,5.889999866485596,6.050000190734863,5.71999979019165,5.860000133514404,5.860000133514404,47833200,53.333338631524825
2022-11-15,6.099999904632568,6.130000114440918,5.800000190734863,5.849999904632568,5.849999904632568,59806400,55.36332105711338
2022-11-16,5.769999980926514,5.769999980926514,5.46999979019165,5.53000020980835,5.53000020980835,43267800,52.980137992275246
2022-11-17,5.340000152587891,5.510000228881836,5.28000020980835,5.380000114440918,5.380000114440918,34036700,48.8599397103812
2022-11-18,5.480000019073486,5.489999771118164,5.159999847412109,5.179999828338623,5.179999828338623,36633900,46.01226670816807
2022-11-21,5.130000114440918,5.190000057220459,4.800000190734863,4.869999885559082,4.869999885559082,99355000,36.89024270573668
2022-11-22,4.900000095367432,4.900000095367432,4.599999904632568,4.639999866485596,4.639999866485596,76694100,41.72413787433566
2022-11-23,4.670000076293945,4.708000183105469,4.53000020980835,4.659999847412109,4.659999847412109,58395300,36.940292333223084
2022-11-25,4.670000076293945,4.670000076293945,4.510000228881836,4.599999904632568,4.599999904632568,28016500,38.67187412688491
2022-11-28,4.539999961853027,4.630000114440918,4.409999847412109,4.449999809265137,4.449999809265137,46991100,36.531362781463734
2022-11-29,4.460000038146973,4.570000171661377,4.441999912261963,4.559999942779541,4.559999942779541,40676700,40.145985274431986
2022-11-30,4.550000190734863,4.849999904632568,4.519999980926514,4.829999923706055,4.829999923706055,49235500,47.40484252080883
2022-12-01,4.860000133514404,4.909999847412109,4.670000076293945,4.739999771118164,4.739999771118164,34842000,38.54961054050404
2022-12-02,4.599999904632568,4.699999809265137,4.519999980926514,4.699999809265137,4.699999809265137,23866400,19.512197958578895
2022-12-05,4.699999809265137,4.730000019073486,4.46999979019165,4.53000020980835,4.53000020980835,28384800,18.77934619136974
2022-12-06,4.539999961853027,4.550000190734863,4.260000228881836,4.320000171661377,4.320000171661377,41048400,17.167386629403794
2022-12-07,4.300000190734863,4.369999885559082,4.239999771118164,4.300000190734863,4.300000190734863,21933400,19.704436158910312
2022-12-08,4.349999904632568,4.429999828338623,4.25,4.400000095367432,4.400000095367432,19767400,25.25252500926581
2022-12-09,4.360000133514404,4.400000095367432,4.309999942779541,4.340000152587891,4.340000152587891,16804200,27.173917832132048
2022-12-12,4.309999942779541,4.480000019073486,4.269999980926514,4.449999809265137,4.449999809265137,23353200,37.19511485964699
2022-12-13,4.690000057220459,4.769999980926514,4.349999904632568,4.429999828338623,4.429999828338623,33682400,42.6573379936684
2022-12-14,4.570000171661377,4.920000076293945,4.53000020980835,4.699999809265137,4.699999809265137,68775700,51.19047551468631
2022-12-15,4.579999923706055,4.760000228881836,4.5,4.630000114440918,4.630000114440918,37157400,50.88758064265832
2022-12-16,4.579999923706055,4.679999828338623,4.5,4.639999866485596,4.639999866485596,31419300,56.12903900623365
2022-12-19,4.659999847412109,4.659999847412109,4.400000095367432,4.429999828338623,4.429999828338623,27122400,46.060599405022344
2022-12-20,4.53000020980835,4.760000228881836,4.449999809265137,4.570000171661377,4.570000171661377,34033400,41.447371104088916
2022-12-21,4.650000095367432,4.730000019073486,4.559999942779541,4.639999866485596,4.639999866485596,24848900,46.666666666666664
2022-12-22,4.579999923706055,4.625,4.369999885559082,4.579999923706055,4.579999923706055,30665900,46.05263157894736
2022-12-23,4.550000190734863,4.619999885559082,4.460999965667725,4.610000133514404,4.610000133514404,19435300,52.89854972308874
2022-12-27,4.550000190734863,4.579999923706055,4.349999904632568,4.389999866485596,4.389999866485596,24110700,52.51797573961249
2022-12-28,4.380000114440918,4.429999828338623,4.239999771118164,4.369999885559082,4.369999885559082,35043300,52.51797573961249
2022-12-29,4.400000095367432,4.630000114440918,4.320000171661377,4.590000152587891,4.590000152587891,33261900,56.29139365629635
2022-12-30,4.489999771118164,4.650000095367432,4.449999809265137,4.610000133514404,4.610000133514404,28240200,59.18367413138586
