Date,Open,High,Low,Close,Adj Close,Volume,Amount
2021-01-04,12.59000015258789,12.59000015258789,11.800000190734863,12.199999809265137,12.199999809265137,1371400,16861363.104629517
2021-01-05,12.149999618530273,12.279999732971191,12.09000015258789,12.149999618530273,12.149999618530273,1304000,15866419.713973999
2021-01-06,12.149999618530273,12.199999809265137,11.890000343322754,12.119999885559082,12.119999885559082,1105700,13367912.905097008
2021-01-07,12.199999809265137,22.0,12.050000190734863,19.139999389648438,19.139999389648438,64877000,1060576747.6005554
2021-01-08,21.459999084472656,22.0,17.889999389648438,18.739999771118164,18.739999771118164,35657000,713942266.857624
2021-01-11,19.3700008392334,19.75,18.649999618530273,18.989999771118164,18.989999771118164,11702200,224565218.66960526
2021-01-12,18.979999542236328,19.190000534057617,18.25,18.450000762939453,18.450000762939453,7138600,133616746.99773788
2021-01-13,18.899999618530273,19.59000015258789,18.530000686645508,19.110000610351562,19.110000610351562,8226400,156568960.1966858
2021-01-14,19.399999618530273,19.450000762939453,18.920000076293945,19.15999984741211,19.15999984741211,7705100,148188336.33785248
2021-01-15,19.31999969482422,21.049999237060547,19.110000610351562,20.15999984741211,20.15999984741211,13024900,259325757.01255798
2021-01-19,21.899999618530273,24.219999313354492,21.059999465942383,22.59000015258789,22.59000015258789,22266200,499709185.43081284
2021-01-20,23.860000610351562,24.6200008392334,22.110000610351562,22.3700008392334,22.3700008392334,10236100,237886971.4190483
2021-01-21,23.0,23.049999237060547,21.5,22.389999389648438,22.389999389648438,6971500,156754175.10652542
2021-01-22,22.09000015258789,22.989999771118164,21.190000534057617,21.649999618530273,21.649999618530273,6727300,147866054.12831306
2021-01-25,22.15999984741211,22.850000381469727,20.0,20.479999542236328,20.479999542236328,9701800,207351719.94485855
2021-01-26,20.399999618530273,21.31999969482422,19.5,19.56999969482422,19.56999969482422,9172400,185259546.7256546
2021-01-27,19.0,19.25,17.899999618530273,18.18000030517578,18.18000030517578,16297600,302850151.68914795
2021-01-28,20.420000076293945,20.920000076293945,19.100000381469727,20.280000686645508,20.280000686645508,12032100,242807781.67190552
2021-01-29,23.190000534057617,26.969999313354492,21.799999237060547,25.139999389648438,25.139999389648438,36434600,884449901.1013031
2021-02-01,25.850000381469727,28.260000228881836,25.139999389648438,25.780000686645508,25.780000686645508,18319100,481013771.39468193
2021-02-02,26.010000228881836,26.18000030517578,23.850000381469727,24.329999923706055,24.329999923706055,8973900,225177587.63279915
2021-02-03,24.799999237060547,25.75,24.510000228881836,24.950000762939453,24.950000762939453,4251500,106298128.99327278
2021-02-04,24.06999969482422,25.1200008392334,23.420000076293945,25.059999465942383,25.059999465942383,8449800,206322991.66116714
2021-02-05,24.290000915527344,24.520000457763672,22.899999618530273,23.100000381469727,23.100000381469727,12226800,289805731.19773865
2021-02-08,23.399999618530273,24.389999389648438,22.799999237060547,23.0,23.0,7344500,171842935.52803993
2021-02-09,22.93000030517578,24.0,22.75,23.1200008392334,23.1200008392334,6375300,147906961.82398796
2021-02-10,23.700000762939453,23.790000915527344,22.25,22.989999771118164,22.989999771118164,6308100,146237530.53603172
2021-02-11,23.0,23.950000762939453,22.31999969482422,23.06999969482422,23.06999969482422,8551100,197402143.82619858
2021-02-12,22.84000015258789,24.479999542236328,22.809999465942383,23.899999618530273,23.899999618530273,5847400,137457753.71551514
2021-02-16,24.450000762939453,24.700000762939453,23.559999465942383,24.299999237060547,24.299999237060547,6134900,148786662.6010418
2021-02-17,24.270000457763672,24.299999237060547,23.0,23.8799991607666,23.8799991607666,4731300,112900644.89636421
2021-02-18,22.600000381469727,23.31999969482422,22.260000228881836,23.229999542236328,23.229999542236328,5747000,131333317.28076935
2021-02-19,23.5,23.600000381469727,22.600000381469727,22.690000534057617,22.690000534057617,5138800,118693434.66625214
2021-02-22,22.5,22.836999893188477,21.020000457763672,21.290000915527344,21.290000915527344,6530300,143090303.09262276
2021-02-23,19.989999771118164,20.600000381469727,16.84000015258789,20.1200008392334,20.1200008392334,12561900,243543839.84398842
2021-02-24,20.0,20.299999237060547,19.0,19.40999984741211,19.40999984741211,7947300,156382993.9310074
2021-02-25,20.43000030517578,21.0,18.524999618530273,18.719999313354492,18.719999313354492,7962300,156608486.6063118
2021-02-26,18.850000381469727,19.219999313354492,17.767000198364258,18.43000030517578,18.43000030517578,9106700,169081822.67661095
2021-03-01,19.739999771118164,19.850000381469727,19.049999237060547,19.34000015258789,19.34000015258789,4422200,86210788.49391937
2021-03-02,19.399999618530273,19.610000610351562,18.6200008392334,18.770000457763672,18.770000457763672,3809000,72751901.45301819
2021-03-03,18.780000686645508,19.0,17.100000381469727,17.219999313354492,17.219999313354492,7175500,129338388.184309
2021-03-04,17.299999237060547,17.579999923706055,14.75,16.059999465942383,16.059999465942383,15322900,251640319.98929977
2021-03-05,16.40999984741211,17.8799991607666,13.140000343322754,17.719999313354492,17.719999313354492,18226600,296865741.4162159
2021-03-08,16.84000015258789,17.700000762939453,15.760000228881836,16.110000610351562,16.110000610351562,7871800,130691562.9532814
2021-03-09,17.25,18.389999389648438,16.549999237060547,17.479999542236328,17.479999542236328,8573200,149323707.0755005
2021-03-10,18.280000686645508,19.479999542236328,17.799999237060547,19.059999465942383,19.059999465942383,7508200,140065468.9950943
2021-03-11,19.5,19.81999969482422,18.700000762939453,19.360000610351562,19.360000610351562,4959600,95943463.32435608
2021-03-12,18.3799991607666,19.290000915527344,18.139999389648438,19.020000457763672,19.020000457763672,2859100,53486613.195466995
2021-03-15,19.020000457763672,19.579999923706055,18.469999313354492,19.479999542236328,19.479999542236328,3515900,67285535.5793953
2021-03-16,19.270000457763672,19.479999542236328,18.010000228881836,18.450000762939453,18.450000762939453,3023700,56853119.99974251
2021-03-17,17.610000610351562,19.354999542236328,17.5,19.149999618530273,19.149999618530273,3651400,67199452.54106522
2021-03-18,18.5,19.100000381469727,18.049999237060547,18.139999389648438,18.139999389648438,2999200,55327741.2563324
2021-03-19,17.770000457763672,18.43000030517578,17.059999465942383,18.25,18.25,3667400,65563943.70985031
2021-03-22,18.280000686645508,18.489999771118164,17.81999969482422,18.270000457763672,18.270000457763672,2317000,42204155.35354614
2021-03-23,17.959999084472656,18.18000030517578,17.270000457763672,17.899999618530273,17.899999618530273,2939000,52395022.107601166
2021-03-24,17.559999465942383,17.819000244140625,16.25,16.479999542236328,16.479999542236328,4642100,79042196.3572979
2021-03-25,15.699999809265137,16.790000915527344,15.109999656677246,16.6299991607666,16.6299991607666,5364400,86138852.38609314
2021-03-26,17.139999389648438,17.719999313354492,16.520000457763672,17.100000381469727,17.100000381469727,4598700,78729743.47372055
2021-03-29,16.979999542236328,17.09000015258789,16.219999313354492,16.440000534057617,16.440000534057617,2827900,47176441.42637253
2021-03-30,16.270000457763672,17.219999313354492,15.899999618530273,16.5,16.5,2634400,43395153.59802246
2021-03-31,16.969999313354492,17.360000610351562,16.68000030517578,17.149999618530273,17.149999618530273,2665300,45416711.898326874
2021-04-01,17.510000228881836,17.639999389648438,16.90999984741211,17.270000457763672,17.270000457763672,2322600,40256464.45569992
2021-04-05,17.739999771118164,17.84000015258789,16.65999984741211,16.719999313354492,16.719999313354492,2506600,43213783.42628479
2021-04-06,16.510000228881836,17.30299949645996,16.5,17.260000228881836,17.260000228881836,1849500,31244065.853834152
2021-04-07,17.25,17.3700008392334,16.899999618530273,17.200000762939453,17.200000762939453,1988100,34155558.60671997
2021-04-08,17.030000686645508,18.639999389648438,17.020000457763672,18.139999389648438,18.139999389648438,2527700,44759247.70178795
2021-04-09,17.959999084472656,18.260000228881836,17.600000381469727,17.770000457763672,17.770000457763672,1655000,29620362.56313324
2021-04-12,17.8700008392334,17.959999084472656,16.850000381469727,17.0,17.0,2309300,40228006.17618561
2021-04-13,16.65999984741211,17.049999237060547,16.510000228881836,16.829999923706055,16.829999923706055,2235000,37464187.07370758
2021-04-14,16.940000534057617,17.239999771118164,16.459999084472656,16.68000030517578,16.68000030517578,2418200,40698305.81550598
2021-04-15,16.75,16.8700008392334,16.229999542236328,16.280000686645508,16.280000686645508,2088900,34534739.80779648
2021-04-16,16.139999389648438,16.440000534057617,15.930000305175781,16.31999969482422,16.31999969482422,2167000,35121652.458667755
2021-04-19,16.040000915527344,16.1200008392334,15.15999984741211,15.390000343322754,15.390000343322754,3816600,59834748.35629463
2021-04-20,15.5,15.84000015258789,14.739999771118164,14.869999885559082,14.869999885559082,3430900,52278338.58640194
2021-04-21,14.850000381469727,15.779999732971191,14.699999809265137,15.210000038146973,15.210000038146973,3494000,52881689.96667862
2021-04-22,15.9399995803833,16.469999313354492,15.399999618530273,15.84000015258789,15.84000015258789,3141200,49984343.95151138
2021-04-23,16.389999389648438,16.6299991607666,15.619999885559082,16.170000076293945,16.170000076293945,3029400,49083852.37326622
2021-04-26,16.479999542236328,16.8700008392334,16.020000457763672,16.68000030517578,16.68000030517578,1964800,32443760.56213379
2021-04-27,17.149999618530273,17.549999237060547,16.75,17.399999618530273,17.399999618530273,2583000,44459886.5146637
2021-04-28,17.25,17.700000762939453,17.059999465942383,17.549999237060547,17.549999237060547,1771200,30801167.763519287
2021-04-29,17.8700008392334,17.8700008392334,16.815000534057617,17.43000030517578,17.43000030517578,2095200,36658144.31877136
2021-04-30,17.0,17.3700008392334,16.940000534057617,17.0,17.0,1385100,23654045.725536346
2021-05-03,17.0,17.149999618530273,16.18000030517578,16.3700008392334,16.3700008392334,1636500,27288637.812137604
2021-05-04,16.190000534057617,16.399999618530273,15.710000038146973,16.170000076293945,16.170000076293945,1985800,32006131.632566452
2021-05-05,16.239999771118164,16.299999237060547,15.479999542236328,15.539999961853027,15.539999961853027,290200,4611277.892065048
2021-05-06,15.5,15.559000015258789,14.899999618530273,15.0,15.0,2630300,40085114.18418884
2021-05-07,15.199999809265137,16.988000869750977,14.869999885559082,16.510000228881836,16.510000228881836,5987800,95158118.7877655
2021-05-10,17.399999618530273,17.554000854492188,16.270000457763672,16.3700008392334,16.3700008392334,4997000,84441806.7111969
2021-05-11,15.149999618530273,16.329999923706055,15.079999923706055,15.170000076293945,15.170000076293945,5043000,77826096.92287445
2021-05-12,15.130000114440918,15.550000190734863,14.899999618530273,15.050000190734863,15.050000190734863,4218100,63935850.87068081
2021-05-13,15.199999809265137,15.449999809265137,14.140000343322754,14.609999656677246,14.609999656677246,3765200,55913219.64092255
2021-05-14,14.960000038146973,15.489999771118164,14.619999885559082,14.9399995803833,14.9399995803833,2838700,42587596.2356329
2021-05-17,15.020000457763672,15.899999618530273,14.949999809265137,15.479999542236328,15.479999542236328,2563400,39316147.13330269
2021-05-18,16.0,17.399999618530273,15.800000190734863,16.799999237060547,16.799999237060547,5163700,85201048.76887798
2021-05-19,16.309999465942383,17.739999771118164,16.200000762939453,17.43000030517578,17.43000030517578,4685700,79282044.35749054
2021-05-20,17.75,18.75,17.75,18.399999618530273,18.399999618530273,5498600,99868321.97561264
2021-05-21,18.700000762939453,18.850000381469727,18.280000686645508,18.780000686645508,18.780000686645508,3054800,56979658.92276764
2021-05-24,19.0,20.079999923706055,18.8700008392334,19.780000686645508,19.780000686645508,5276200,102529758.41207504
2021-05-25,20.5,21.799999237060547,19.84000015258789,20.18000030517578,20.18000030517578,9338500,192186329.287529
2021-05-26,20.040000915527344,20.280000686645508,19.010000228881836,19.899999618530273,19.899999618530273,6073300,120296891.95094109
2021-05-27,19.8799991607666,20.040000915527344,19.25,19.790000915527344,19.790000915527344,4097900,80892547.01609612
2021-05-28,19.770000457763672,20.649999618530273,19.299999237060547,20.149999618530273,20.149999618530273,5370500,107235457.31592178
2021-06-01,21.974000930786133,22.899999618530273,20.43000030517578,22.649999618530273,22.649999618530273,9159400,201401467.98315048
2021-06-02,23.65999984741211,24.950000762939453,22.649999618530273,23.209999084472656,23.209999084472656,14678900,346678918.2301998
2021-06-03,22.84000015258789,23.5,22.350000381469727,22.68000030517578,22.68000030517578,5879000,134291058.7334633
2021-06-04,22.871000289916992,22.871000289916992,20.0,20.81999969482422,20.81999969482422,13434200,290722806.0224533
2021-06-07,20.702999114990234,21.465999603271484,20.309999465942383,21.209999084472656,21.209999084472656,4755400,99493664.40286636
2021-06-08,21.020000457763672,24.200000762939453,20.649999618530273,23.889999389648438,23.889999389648438,11306900,253726836.646986
2021-06-09,24.25,24.459999084472656,22.229999542236328,22.709999084472656,22.709999084472656,9407300,220248405.86709976
2021-06-10,22.829999923706055,23.399999618530273,21.43000030517578,23.020000457763672,23.020000457763672,6526500,147955755.49793243
2021-06-11,23.100000381469727,23.299999237060547,22.158000946044922,22.399999618530273,22.399999618530273,2769400,62974771.42677307
2021-06-14,22.25,22.579999923706055,21.389999389648438,21.81999969482422,21.81999969482422,4099800,90236596.98343277
2021-06-15,21.59000015258789,21.68000030517578,20.690000534057617,20.799999237060547,20.799999237060547,3531200,74826128.20205688
2021-06-16,21.209999084472656,22.639999389648438,21.100000381469727,21.829999923706055,21.829999923706055,9596000,208185217.0715332
2021-06-17,22.0,23.270000457763672,21.399999618530273,22.700000762939453,22.700000762939453,7359600,164431864.54410553
2021-06-18,22.719999313354492,23.68000030517578,22.219999313354492,23.040000915527344,23.040000915527344,5991500,137295222.2714424
2021-06-21,22.81999969482422,23.200000762939453,22.219999313354492,22.510000228881836,22.510000228881836,3590300,81454931.25
2021-06-22,22.65999984741211,22.81999969482422,21.09000015258789,21.200000762939453,21.200000762939453,6586300,144519888.50374222
2021-06-23,21.329999923706055,21.700000762939453,20.899999618530273,21.399999618530273,21.399999618530273,5328500,113670226.14836693
2021-06-24,21.520000457763672,21.649999618530273,20.809999465942383,20.8700008392334,20.8700008392334,6475100,137353059.36751366
2021-06-25,19.770000457763672,19.899999618530273,18.5,18.5,18.5,36679200,703048566.6996002
2021-06-28,18.170000076293945,19.969999313354492,17.649999618530273,19.260000228881836,19.260000228881836,56821000,1066104001.6622543
2021-06-29,20.520000457763672,20.989999771118164,18.639999389648438,18.8700008392334,18.8700008392334,57158300,1129162223.0412483
2021-06-30,19.326000213623047,19.799999237060547,19.0,19.170000076293945,19.170000076293945,27479600,531015787.150383
2021-07-01,19.229999542236328,19.239999771118164,18.15999984741211,18.25,18.25,19839100,371387947.8375912
2021-07-02,18.274999618530273,18.579999923706055,17.75,18.079999923706055,18.079999923706055,25687900,466781249.44529533
2021-07-06,18.084999084472656,18.084999084472656,17.219999313354492,17.350000381469727,17.350000381469727,20245500,358041656.6877365
2021-07-07,17.559999465942383,17.579999923706055,16.799999237060547,16.940000534057617,16.940000534057617,17530000,301866596.32205963
2021-07-08,16.299999237060547,16.799999237060547,16.100000381469727,16.6200008392334,16.6200008392334,18443700,303491082.09285736
2021-07-09,16.920000076293945,17.299999237060547,16.43000030517578,16.450000762939453,16.450000762939453,17663000,296296826.68447495
2021-07-12,16.510000228881836,16.84000015258789,16.219999313354492,16.420000076293945,16.420000076293945,14071000,232136321.69485092
2021-07-13,16.3799991607666,16.6200008392334,15.800000190734863,16.0,16.0,16623000,269292600.7926464
2021-07-14,16.048999786376953,16.21500015258789,15.369999885559082,15.520000457763672,15.520000457763672,19069000,301070907.84573555
2021-07-15,15.619999885559082,16.420000076293945,15.449999809265137,15.989999771118164,15.989999771118164,16186000,256871818.1476593
2021-07-16,16.100000381469727,16.190000534057617,15.220000267028809,15.300000190734863,15.300000190734863,14214600,223204761.38019562
2021-07-19,15.0,15.529999732971191,14.869999885559082,15.170000076293945,15.170000076293945,14780900,223819777.12230682
2021-07-20,15.180000305175781,15.289999961853027,14.939000129699707,15.0600004196167,15.0600004196167,11683000,176614834.1343403
2021-07-21,15.140000343322754,16.649999618530273,15.104000091552734,16.559999465942383,16.559999465942383,27892400,442471084.04836655
2021-07-22,16.489999771118164,16.600000381469727,15.710000038146973,16.049999237060547,16.049999237060547,18833300,305334873.5558748
2021-07-23,15.890000343322754,16.048999786376953,15.4399995803833,15.699999809265137,15.699999809265137,10370000,163532306.25391006
2021-07-26,15.760000228881836,16.09000015258789,15.479999542236328,15.510000228881836,15.510000228881836,8994900,141309879.3431282
2021-07-27,15.489999771118164,15.5,14.720000267028809,14.920000076293945,14.920000076293945,16735400,253666825.97880363
2021-07-28,15.119999885559082,15.479000091552734,15.079999923706055,15.369999885559082,15.369999885559082,10131600,154631011.55891418
2021-07-29,15.875,16.239999771118164,15.510000228881836,15.600000381469727,15.600000381469727,12748300,201502818.09077263
2021-07-30,15.354999542236328,15.789999961853027,15.350000381469727,15.4399995803833,15.4399995803833,6653700,103024226.48663521
2021-08-02,15.579999923706055,16.31999969482422,15.40999984741211,15.729999542236328,15.729999542236328,15097600,237938172.25646973
2021-08-03,15.770000457763672,16.048999786376953,15.010000228881836,15.109999656677246,15.109999656677246,16166800,250338856.8242073
2021-08-04,15.229999542236328,16.579999923706055,15.199999809265137,16.389999389648438,16.389999389648438,25718500,407638216.4155245
2021-08-05,16.604999542236328,16.729999542236328,15.880000114440918,16.059999465942383,16.059999465942383,14501500,236646348.28460217
2021-08-06,16.059999465942383,16.940000534057617,16.059999465942383,16.709999084472656,16.709999084472656,13993700,230091407.17873573
2021-08-09,16.989999771118164,17.31999969482422,16.559999465942383,16.90999984741211,16.90999984741211,15571300,263855673.74801636
2021-08-10,17.020000457763672,17.270000457763672,16.559999465942383,16.989999771118164,16.989999771118164,12830200,217600192.4894333
2021-08-11,17.15999984741211,17.270000457763672,16.514999389648438,16.899999618530273,16.899999618530273,17104700,290117089.93878365
2021-08-12,16.969999313354492,17.520000457763672,16.739999771118164,17.459999084472656,17.459999084472656,35861400,615829879.1879654
2021-08-13,15.350000381469727,15.529999732971191,14.90999984741211,14.989999771118164,14.989999771118164,59983500,911449278.4956694
2021-08-16,15.005000114440918,15.140000343322754,14.180000305175781,14.289999961853027,14.289999961853027,26155000,383268835.98923683
2021-08-17,14.079999923706055,14.699999809265137,13.5600004196167,13.75,13.75,31925000,447668313.7178421
2021-08-18,13.979999542236328,14.579999923706055,13.850000381469727,14.220000267028809,14.220000267028809,20754500,293831834.343791
2021-08-19,13.989999771118164,14.119999885559082,13.770000457763672,13.819999694824219,13.819999694824219,15576700,216905546.75724506
2021-08-20,13.979999542236328,14.270000457763672,13.899999618530273,14.039999961853027,14.039999961853027,17618000,247488853.15179825
2021-08-23,14.265000343322754,14.5,14.220000267028809,14.430000305175781,14.430000305175781,13277100,190576177.16388702
2021-08-24,14.479999542236328,14.930000305175781,14.470000267028809,14.760000228881836,14.760000228881836,13649900,200107535.1715803
2021-08-25,14.800000190734863,15.079999923706055,14.510000228881836,14.850000381469727,14.850000381469727,13785300,204160295.49787045
2021-08-26,14.762999534606934,14.789999961853027,14.199999809265137,14.359999656677246,14.359999656677246,16743800,243258108.0066681
2021-08-27,14.3100004196167,14.40999984741211,14.039999961853027,14.039999961853027,14.039999961853027,19756400,280540880.94205856
2021-08-30,14.178999900817871,14.380000114440918,14.01099967956543,14.1899995803833,14.1899995803833,15445700,219174480.2012682
2021-08-31,14.180000305175781,14.25,13.970000267028809,14.180000305175781,14.180000305175781,14530700,205536754.68723774
2021-09-01,14.142999649047852,14.6899995803833,14.109999656677246,14.569999694824219,14.569999694824219,16856500,242366965.14487267
2021-09-02,14.600000381469727,15.199999809265137,14.399999618530273,15.0600004196167,15.0600004196167,19534100,289397692.61775017
2021-09-03,15.020000457763672,15.529999732971191,14.920000076293945,15.15999984741211,15.15999984741211,18793200,284857929.53767776
2021-09-07,15.5,16.1299991607666,15.460000038146973,15.84000015258789,15.84000015258789,21664600,340838315.98763466
2021-09-08,15.8100004196167,16.006000518798828,15.135000228881836,15.470000267028809,15.470000267028809,15621400,243775857.95154572
2021-09-09,15.3100004196167,15.84000015258789,15.260000228881836,15.6899995803833,15.6899995803833,18395800,285594796.7543602
2021-09-10,15.770000457763672,15.90999984741211,15.229999542236328,15.289999961853027,15.289999961853027,17029500,264808724.18797016
2021-09-13,15.329999923706055,15.390000343322754,14.670000076293945,15.010000228881836,15.010000228881836,20253100,305821812.8972292
2021-09-14,15.022000312805176,15.329999923706055,14.380000114440918,14.5,14.5,24475700,362436167.7474499
2021-09-15,14.84000015258789,15.5,14.630999565124512,15.449999809265137,15.449999809265137,34832000,526146063.8809204
2021-09-16,15.470999717712402,15.65999984741211,15.229999542236328,15.5,15.5,24121300,373041929.44209576
2021-09-17,15.520000457763672,15.579999923706055,15.0600004196167,15.09000015258789,15.09000015258789,55126300,844121481.8931341
2021-09-20,14.579999923706055,14.90999984741211,14.420000076293945,14.569999694824219,14.569999694824219,27954600,408696248.8008499
2021-09-21,14.619999885559082,15.279999732971191,14.5600004196167,15.170000076293945,15.170000076293945,23601500,351839361.92524433
2021-09-22,15.859999656677246,17.084999084472656,15.609999656677246,16.84000015258789,16.84000015258789,55383300,905447705.8043003
2021-09-23,17.200000762939453,17.350000381469727,16.670000076293945,17.139999389648438,17.139999389648438,29369500,501924759.48143005
2021-09-24,16.860000610351562,17.790000915527344,16.6200008392334,17.639999389648438,17.639999389648438,22923000,394905992.5560951
2021-09-27,17.65999984741211,18.079999923706055,16.850000381469727,17.700000762939453,17.700000762939453,35517600,624133034.1293335
2021-09-28,17.399999618530273,17.670000076293945,16.795000076293945,17.040000915527344,17.040000915527344,25569500,440466603.7642956
2021-09-29,16.350000381469727,17.170000076293945,16.010000228881836,16.010000228881836,16.010000228881836,38323200,627925640.7714844
2021-09-30,15.899999618530273,16.059999465942383,15.300000190734863,15.880000114440918,15.880000114440918,38688800,610702702.0965576
2021-10-01,15.880000114440918,16.489999771118164,15.75,16.450000762939453,16.450000762939453,18850300,304290970.806098
2021-10-04,16.290000915527344,16.68000030517578,15.880000114440918,16.09000015258789,16.09000015258789,21849700,354729887.6266241
2021-10-05,16.145000457763672,16.760000228881836,16.079999923706055,16.25,16.25,13941200,227363547.6272583
2021-10-06,16.0,16.639999389648438,15.920000076293945,16.6200008392334,16.6200008392334,11896400,193851838.9076233
2021-10-07,16.937000274658203,17.09000015258789,16.34000015258789,16.399999618530273,16.399999618530273,15267800,254846301.40714645
2021-10-08,16.527000427246094,16.649999618530273,16.170000076293945,16.209999084472656,16.209999084472656,11054400,181173323.00720215
2021-10-11,16.899999618530273,18.510000228881836,16.829999923706055,18.389999389648438,18.389999389648438,69669600,1230190947.3827362
2021-10-12,18.170000076293945,19.020000457763672,17.84000015258789,18.969999313354492,18.969999313354492,47239700,873934450.0
2021-10-13,19.0,19.309999465942383,18.489999771118164,18.920000076293945,18.920000076293945,31335900,593188581.6208363
2021-10-14,19.799999237060547,19.809999465942383,18.94499969482422,19.6200008392334,19.6200008392334,33917700,662879042.9057121
2021-10-15,19.559999465942383,19.860000610351562,19.31999969482422,19.3799991607666,19.3799991607666,22190300,433376553.0745506
2021-10-18,19.18000030517578,21.0,19.1200008392334,20.850000381469727,20.850000381469727,48421800,970251835.9714508
2021-10-19,21.040000915527344,21.079999923706055,20.184999465942383,20.219999313354492,20.219999313354492,26292200,542440948.7425804
2021-10-20,20.364999771118164,21.190000534057617,19.8700008392334,21.049999237060547,21.049999237060547,25757100,531079208.0813885
2021-10-21,20.889999389648438,21.774999618530273,20.764999389648438,20.989999771118164,20.989999771118164,24771700,522806717.16041565
2021-10-22,20.860000610351562,21.059999465942383,20.200000762939453,20.579999923706055,20.579999923706055,18994500,392711291.12291336
2021-10-25,20.6200008392334,21.079999923706055,20.100000381469727,20.690000534057617,20.690000534057617,15053100,310432561.06653214
2021-10-26,20.94499969482422,20.969999313354492,19.459999084472656,19.959999084472656,19.959999084472656,26725500,543429616.764307
2021-10-27,20.0,20.479999542236328,19.139999389648438,19.25,19.25,17585700,346746035.0541115
2021-10-28,19.55500030517578,20.200000762939453,19.479999542236328,19.90999984741211,19.90999984741211,15070700,298192639.59970474
2021-10-29,19.799999237060547,20.15999984741211,19.690000534057617,20.09000015258789,20.09000015258789,11538000,230010029.33979034
2021-11-01,20.530000686645508,22.809999465942383,20.280000686645508,22.6200008392334,22.6200008392334,52780200,1137941134.1474533
2021-11-02,22.670000076293945,22.93000030517578,21.600000381469727,22.68000030517578,22.68000030517578,35482300,797287290.4747963
2021-11-03,22.670000076293945,23.6299991607666,22.440000534057617,22.959999084472656,22.959999084472656,26468800,606797232.4272156
2021-11-04,23.18000030517578,23.549999237060547,22.829999923706055,23.290000915527344,23.290000915527344,18496800,429356971.7639923
2021-11-05,22.889999389648438,23.2189998626709,22.239999771118164,22.56999969482422,22.56999969482422,19635300,446305453.8831711
2021-11-08,22.6299991607666,23.06999969482422,22.44499969482422,22.739999771118164,22.739999771118164,16884900,383646027.039814
2021-11-09,23.139999389648438,23.25,21.610000610351562,22.139999389648438,22.139999389648438,24573000,553752551.2504578
2021-11-10,21.139999389648438,21.850000381469727,19.850000381469727,20.420000076293945,20.420000076293945,46108800,959754674.6383667
2021-11-11,23.989999771118164,24.649999618530273,22.600000381469727,22.969999313354492,22.969999313354492,72680100,1711798038.6148453
2021-11-12,23.170000076293945,23.600000381469727,22.170000076293945,22.760000228881836,22.760000228881836,29275500,671140843.0838585
2021-11-15,22.975000381469727,24.1200008392334,22.75,22.920000076293945,22.920000076293945,30384300,704649907.227087
2021-11-16,22.600000381469727,22.6299991607666,21.420000076293945,21.670000076293945,21.670000076293945,41386800,913820540.8424377
2021-11-17,21.850000381469727,22.040000915527344,21.024999618530273,21.1200008392334,21.1200008392334,18998300,408629693.45936775
2021-11-18,21.200000762939453,21.31999969482422,20.200000762939453,20.56999969482422,20.56999969482422,25447500,529880574.5744705
2021-11-19,20.110000610351562,21.100000381469727,19.940000534057617,20.3700008392334,20.3700008392334,25321200,516046070.9718704
2021-11-22,20.520000457763672,20.600000381469727,18.31999969482422,18.75,18.75,39766000,777325890.3093338
2021-11-23,18.534000396728516,18.655000686645508,17.3799991607666,17.809999465942383,17.809999465942383,31341700,567120223.8033772
2021-11-24,17.450000762939453,18.579999923706055,17.35099983215332,18.329999923706055,18.329999923706055,28778600,515935549.33366776
2021-11-26,17.875,18.31999969482422,17.799999237060547,18.209999084472656,18.209999084472656,13253100,239235014.80264664
2021-11-29,18.579999923706055,18.690000534057617,17.8700008392334,18.43000030517578,18.43000030517578,23366900,429775717.6094532
2021-11-30,18.25,18.540000915527344,17.1299991607666,17.200000762939453,17.200000762939453,67190100,1194639992.097044
2021-12-01,17.41200065612793,17.90999984741211,16.229999542236328,16.389999389648438,16.389999389648438,34471500,585515658.3845615
2021-12-02,16.40999984741211,16.625,15.960000038146973,16.43000030517578,16.43000030517578,27033800,442171592.53907204
2021-12-03,16.43000030517578,16.440000534057617,14.619999885559082,15.1899995803833,15.1899995803833,64350700,1008375473.9095688
2021-12-06,15.0600004196167,15.84000015258789,14.5,15.720000267028809,15.720000267028809,34134800,521579751.16176605
2021-12-07,16.139999389648438,16.719999313354492,16.1200008392334,16.6200008392334,16.6200008392334,30846600,505884242.941761
2021-12-08,16.790000915527344,17.165000915527344,16.25,16.940000534057617,16.940000534057617,25262600,424064334.1872215
2021-12-09,16.65999984741211,16.90999984741211,15.550000190734863,15.65999984741211,15.65999984741211,32398900,524700183.3371401
2021-12-10,15.789999961853027,15.869999885559082,14.869999885559082,15.010000228881836,15.010000228881836,41344200,636080516.605711
2021-12-13,14.890000343322754,15.25,14.020000457763672,14.579999923706055,14.579999923706055,40507500,594852644.8398829
2021-12-14,14.270000457763672,14.720000267028809,14.15999984741211,14.479999542236328,14.479999542236328,26707800,384792629.2641163
2021-12-15,14.4399995803833,15.279999732971191,14.029999732971191,15.15999984741211,15.15999984741211,33540400,493966231.72388077
2021-12-16,15.355999946594238,15.4399995803833,14.180000305175781,14.270000457763672,14.270000457763672,43018000,637161110.1179123
2021-12-17,14.079999923706055,14.770000457763672,13.65999984741211,14.649999618530273,14.649999618530273,44408700,634600321.3059425
2021-12-20,14.479999542236328,15.210000038146973,14.279999732971191,14.59000015258789,14.59000015258789,31658600,463481899.7731209
2021-12-21,14.869999885559082,15.170000076293945,14.720000267028809,14.970000267028809,14.970000267028809,27695600,413564550.4336357
2021-12-22,14.859999656677246,15.369999885559082,14.729999542236328,14.989999771118164,14.989999771118164,24332100,364677341.78853035
2021-12-23,14.980999946594238,15.1899995803833,14.729999542236328,15.09000015258789,15.09000015258789,19824000,297315392.1432495
2021-12-27,15.109999656677246,15.489999771118164,14.850000381469727,15.390000343322754,15.390000343322754,19826700,301564107.7563286
2021-12-28,15.279999732971191,15.489999771118164,14.670000076293945,14.850000381469727,14.850000381469727,24049700,362489103.0206442
2021-12-29,14.831000328063965,14.833000183105469,14.180000305175781,14.470000267028809,14.470000267028809,20899600,304684824.26052094
2021-12-30,14.505000114440918,16.350000381469727,14.5,15.949999809265137,15.949999809265137,41348700,633720516.5296555
2021-12-31,15.925000190734863,16.489999771118164,15.739999771118164,15.8100004196167,15.8100004196167,30798200,492501716.9248581
2022-01-03,16.100000381469727,16.1299991607666,15.449999809265137,15.680000305175781,15.680000305175781,27500900,435614253.6395788
2022-01-04,15.609999656677246,15.861000061035156,14.59000015258789,15.050000190734863,15.050000190734863,34175900,522130856.74648285
2022-01-05,14.880000114440918,15.229999542236328,14.039999961853027,14.100000381469727,14.100000381469727,35103100,511188893.75
2022-01-06,14.015999794006348,14.270000457763672,13.010000228881836,13.779999732971191,13.779999732971191,46269400,637083371.0710526
2022-01-07,13.821000099182129,14.399999618530273,13.619999885559082,13.739999771118164,13.739999771118164,28716200,399018773.558712
2022-01-10,13.454999923706055,13.489999771118164,12.819999694824219,13.369999885559082,13.369999885559082,37040300,492034078.4133673
2022-01-11,13.295000076293945,14.140000343322754,13.25,13.9399995803833,13.9399995803833,24517400,334815743.75
2022-01-12,14.300000190734863,14.420000076293945,13.75,13.859999656677246,13.859999656677246,24842400,349843097.5261688
2022-01-13,14.0,14.039999961853027,13.055000305175781,13.09000015258789,13.09000015258789,29900800,405043715.13671875
2022-01-14,12.95199966430664,13.319999694824219,12.65999984741211,13.199999809265137,13.199999809265137,32460700,423060295.11311054
2022-01-18,12.800000190734863,13.109999656677246,12.020000457763672,12.0600004196167,12.0600004196167,50314700,628807972.366929
2022-01-19,14.369999885559082,14.390000343322754,13.369999885559082,13.710000038146973,13.710000038146973,186755800,2607110975.1241684
2022-01-20,14.270000457763672,16.469999313354492,14.010000228881836,15.0,15.0,268936000,4017231500.0
2022-01-21,14.984999656677246,14.984999656677246,13.640000343322754,13.890000343322754,13.890000343322754,135687400,1950506375.0
2022-01-24,13.010000228881836,13.350000381469727,11.829999923706055,13.300000190734863,13.300000190734863,136949000,1762876027.3149014
2022-01-25,12.746000289916992,13.449999809265137,12.579999923706055,12.760000228881836,12.760000228881836,72818300,938190981.7833662
2022-01-26,13.140000343322754,13.859999656677246,12.449999809265137,12.579999923706055,12.579999923706055,83654000,1088129399.415493
2022-01-27,12.720000267028809,12.789999961853027,11.270000457763672,11.359999656677246,11.359999656677246,83981800,1010720970.2082157
2022-01-28,11.34000015258789,11.34000015258789,10.510000228881836,11.100000381469727,11.100000381469727,78767700,872155376.2784958
2022-01-31,11.199999809265137,12.494999885559082,11.050000190734863,12.479999542236328,12.479999542236328,73077100,862766501.421237
2022-02-01,12.682000160217285,13.550000190734863,12.369999885559082,13.270000457763672,13.270000457763672,89022400,1154442498.6515045
2022-02-02,13.029999732971191,13.0600004196167,11.899999618530273,12.15999984741211,12.15999984741211,73581200,922524287.9827499
2022-02-03,11.770000457763672,12.220000267028809,11.380000114440918,11.569999694824219,11.569999694824219,55485600,651123523.4081268
2022-02-04,11.539999961853027,12.074999809265137,11.15999984741211,11.890000343322754,11.890000343322754,46870800,546806470.0530052
2022-02-07,11.932000160217285,12.399999618530273,11.661999702453613,11.720000267028809,11.720000267028809,37906200,452164104.3140888
2022-02-08,11.720000267028809,12.149999618530273,11.529999732971191,12.130000114440918,12.130000114440918,32936100,391363206.0512781
2022-02-09,12.40999984741211,12.989999771118164,12.1899995803833,12.859999656677246,12.859999656677246,47536700,599556615.149641
2022-02-10,12.425000190734863,13.40999984741211,12.289999961853027,12.390000343322754,12.390000343322754,57391400,724781647.6759434
2022-02-11,12.725000381469727,13.25,12.289999961853027,12.399999618530273,12.399999618530273,76947100,974631204.6411753
2022-02-14,12.588000297546387,12.869999885559082,11.920000076293945,12.0,12.0,73358600,905575242.4572945
2022-02-15,12.260000228881836,12.63700008392334,11.970000267028809,12.579999923706055,12.579999923706055,51170300,632554462.4665737
2022-02-16,12.609999656677246,13.279999732971191,12.602999687194824,13.079999923706055,13.079999923706055,58488200,754102970.0359821
2022-02-17,12.90999984741211,13.170000076293945,12.149999618530273,12.180000305175781,12.180000305175781,44690000,563205723.2952118
2022-02-18,12.173999786376953,12.229999542236328,11.170000076293945,11.390000343322754,11.390000343322754,59994500,704395420.7237959
2022-02-22,11.029999732971191,11.15999984741211,10.1899995803833,10.260000228881836,10.260000228881836,76018700,810359330.4004669
2022-02-23,10.678999900817871,10.6899995803833,9.819999694824219,9.819999694824219,9.819999694824219,62010000,635742004.9953461
2022-02-24,8.859999656677246,10.380000114440918,8.819999694824219,10.329999923706055,10.329999923706055,76026500,729664322.1492767
2022-02-25,10.470000267028809,10.720000267028809,9.970000267028809,10.670000076293945,10.670000076293945,46588100,487195065.9688711
2022-02-28,10.680000305175781,11.760000228881836,10.670000076293945,11.449999809265137,11.449999809265137,64380500,717198776.7537832
2022-03-01,11.960000038146973,11.979999542236328,11.199999809265137,11.199999809265137,11.199999809265137,107850300,1249445703.9006472
2022-03-02,12.949999809265137,13.0,11.510000228881836,11.579999923706055,11.579999923706055,147527000,1808681018.593073
2022-03-03,11.489999771118164,11.510000228881836,10.61400032043457,10.6899995803833,10.6899995803833,70875700,785019251.4425993
2022-03-04,10.642000198364258,11.010000228881836,9.920000076293945,10.0,10.0,63130700,656117373.0472088
2022-03-07,9.975000381469727,10.220000267028809,9.59000015258789,9.619999885559082,9.619999885559082,54287700,534801713.94410133
2022-03-08,9.510000228881836,10.08899974822998,9.279999732971191,9.720000267028809,9.720000267028809,50878200,490961910.1588726
2022-03-09,9.960000038146973,10.09000015258789,9.645000457763672,9.869999885559082,9.869999885559082,53891100,533050350.0702381
2022-03-10,9.710000038146973,9.819999694824219,9.180000305175781,9.40999984741211,9.40999984741211,47638400,453993950.63705444
2022-03-11,9.510000228881836,9.536999702453613,8.520000457763672,8.550000190734863,8.550000190734863,71568500,646209888.9994621
2022-03-14,8.449999809265137,8.449999809265137,7.735000133514404,7.929999828338623,7.929999828338623,75632700,615744710.940814
2022-03-15,7.960000038146973,8.289999961853027,7.789999961853027,8.199999809265137,8.199999809265137,52317400,421678241.00637436
2022-03-16,8.079999923706055,8.760000228881836,8.050000190734863,8.569999694824219,8.569999694824219,84406700,706062046.304965
2022-03-17,8.550000190734863,9.079999923706055,8.380000114440918,8.90999984741211,8.90999984741211,67654100,590620294.2903996
2022-03-18,8.920000076293945,9.975000381469727,8.819999694824219,9.869999885559082,9.869999885559082,66667100,626420739.010787
2022-03-21,9.819999694824219,9.930000305175781,9.329999923706055,9.569999694824219,9.569999694824219,39791700,384487297.4551678
2022-03-22,9.5600004196167,10.0600004196167,9.25,9.720000267028809,9.720000267028809,56998400,549892079.763794
2022-03-23,9.600000381469727,9.779999732971191,9.324999809265137,9.369999885559082,9.369999885559082,38946300,370720091.2678957
2022-03-24,9.399999618530273,9.508999824523926,9.069999694824219,9.470000267028809,9.470000267028809,30175800,282513379.0606499
2022-03-25,9.420000076293945,9.420000076293945,8.90999984741211,9.010000228881836,9.010000228881836,42524700,390801995.43328285
2022-03-28,9.029999732971191,9.279999732971191,8.84000015258789,9.25,9.25,33300900,303038186.8241787
2022-03-29,9.25,10.210000038146973,9.220000267028809,10.140000343322754,10.140000343322754,72805100,706573507.3035002
2022-03-30,10.029999732971191,10.569999694824219,9.631999969482422,9.770000457763672,9.770000457763672,59785700,597886890.6833887
2022-03-31,9.819999694824219,9.869999885559082,9.420000076293945,9.449999809265137,9.449999809265137,33702800,324894987.50019073
2022-04-01,9.470000267028809,9.619999885559082,9.210000038146973,9.329999923706055,9.329999923706055,29654500,278974709.59842205
2022-04-04,9.420000076293945,10.029999732971191,9.399999618530273,9.770000457763672,9.770000457763672,34363300,331777660.5168581
2022-04-05,9.829999923706055,10.095000267028809,9.09000015258789,9.119999885559082,9.119999885559082,47197100,449965354.8256397
2022-04-06,8.979999542236328,9.029999732971191,8.460000038146973,8.75,8.75,56769400,499854557.2548866
2022-04-07,8.274999618530273,8.385000228881836,7.639999866485596,8.119999885559082,8.119999885559082,109248300,885457460.5603337
2022-04-08,8.069999694824219,8.100000381469727,7.78000020980835,7.869999885559082,7.869999885559082,39037800,310545700.6753206
2022-04-11,7.699999809265137,7.929999828338623,7.559999942779541,7.71999979019165,7.71999979019165,37461600,289484508.10518265
2022-04-12,7.809999942779541,8.09000015258789,7.369999885559082,7.480000019073486,7.480000019073486,58650300,450874181.25
2022-04-13,7.449999809265137,7.679999828338623,7.239999771118164,7.610000133514404,7.610000133514404,39309500,294624698.00138474
2022-04-14,7.659999847412109,7.659999847412109,7.21999979019165,7.260000228881836,7.260000228881836,42198000,314375096.98176384
2022-04-18,7.260000228881836,7.315000057220459,6.96999979019165,7.130000114440918,7.130000114440918,50207800,359927168.64409447
2022-04-19,7.110000133514404,7.579999923706055,7.050000190734863,7.409999847412109,7.409999847412109,39488900,287775359.69148874
2022-04-20,7.360000133514404,7.360000133514404,6.929999828338623,6.949999809265137,6.949999809265137,56574300,404506243.6511636
2022-04-21,7.03000020980835,7.110000133514404,6.480000019073486,6.599999904632568,6.599999904632568,66530900,452742778.94141674
2022-04-22,6.599999904632568,6.679999828338623,6.320000171661377,6.389999866485596,6.389999866485596,45591900,296233367.64121056
2022-04-25,6.269999980926514,6.610000133514404,6.230000019073486,6.550000190734863,6.550000190734863,37571500,241021175.54563284
2022-04-26,6.5,6.5,6.139999866485596,6.289999961853027,6.289999961853027,49526100,314862178.62457037
2022-04-27,6.25,6.460000038146973,6.090000152587891,6.150000095367432,6.150000095367432,42697500,266325659.30396318
2022-04-28,6.300000190734863,6.539999961853027,6.019999980926514,6.449999809265137,6.449999809265137,46069000,291501596.84097767
2022-04-29,6.369999885559082,6.75,6.099999904632568,6.119999885559082,6.119999885559082,33526800,212392275.2822399
2022-05-02,6.105000019073486,6.340000152587891,6.010000228881836,6.329999923706055,6.329999923706055,43738400,271014064.54553604
2022-05-03,6.28000020980835,6.420000076293945,6.179999828338623,6.400000095367432,6.400000095367432,27381700,173052345.43622732
2022-05-04,6.360000133514404,7.170000076293945,6.199999809265137,7.139999866485596,7.139999866485596,77128300,518109353.04334164
2022-05-05,7.050000190734863,7.110000133514404,6.570000171661377,6.829999923706055,6.829999923706055,46638700,321340647.89259434
2022-05-06,6.820000171661377,6.869999885559082,6.34499979019165,6.440000057220459,6.440000057220459,50526800,334424256.2953472
2022-05-09,6.230000019073486,6.389999866485596,5.789999961853027,5.96999979019165,5.96999979019165,51638700,314737871.8215823
2022-05-10,5.75,5.800000190734863,4.820000171661377,5.25,5.25,125633800,679050700.3823042
2022-05-11,5.210000038146973,5.610000133514404,4.949999809265137,5.489999771118164,5.489999771118164,76698100,407650396.7455745
2022-05-12,5.309999942779541,5.789999961853027,5.050000190734863,5.659999847412109,5.659999847412109,66310000,361555274.05142784
2022-05-13,6.079999923706055,6.860000133514404,6.010000228881836,6.75,6.75,74842000,480859855.353117
2022-05-16,7.019999980926514,7.235000133514404,6.835000038146973,6.909999847412109,6.909999847412109,60528400,423698800.0
2022-05-17,7.090000152587891,7.340000152587891,6.960000038146973,7.050000190734863,7.050000190734863,54578600,388053853.28702927
2022-05-18,6.929999828338623,7.559999942779541,6.800000190734863,7.230000019073486,7.230000019073486,54156900,386138696.7417598
2022-05-19,7.25,7.989999771118164,7.150000095367432,7.75,7.75,57737200,435049800.07281303
2022-05-20,8.020000457763672,8.039999961853027,7.130000114440918,7.489999771118164,7.489999771118164,56792900,435601547.3329544
2022-05-23,7.360000133514404,7.489999771118164,7.099999904632568,7.269999980926514,7.269999980926514,33054600,241463851.26621723
2022-05-24,7.070000171661377,7.150000095367432,6.619999885559082,6.71999979019165,6.71999979019165,38264600,263643093.4526205
2022-05-25,6.739999771118164,7.159999847412109,6.677999973297119,7.010000228881836,7.010000228881836,35566800,245304218.00580025
2022-05-26,7.070000171661377,7.389999866485596,6.90500020980835,7.139999866485596,7.139999866485596,35132100,250360128.63013744
2022-05-27,7.289999961853027,7.679999828338623,7.190000057220459,7.550000190734863,7.550000190734863,38264400,284208831.36491776
2022-05-31,7.494999885559082,7.699999809265137,7.260000228881836,7.480000019073486,7.480000019073486,61518900,460392066.9949651
2022-06-01,7.494999885559082,7.619999885559082,6.949999809265137,7.050000190734863,7.050000190734863,36804600,267891480.1440239
2022-06-02,7.039999961853027,7.420000076293945,6.954999923706055,7.420000076293945,7.420000076293945,28783000,207489451.52449608
2022-06-03,7.150000095367432,7.25,6.889999866485596,6.980000019073486,6.980000019073486,29389200,207708170.85986137
2022-06-06,7.079999923706055,7.264999866485596,6.769999980926514,6.860000133514404,6.860000133514404,39384000,275441849.06101227
2022-06-07,6.75,6.900000095367432,6.671000003814697,6.860000133514404,6.860000133514404,26378400,179247824.13454056
2022-06-08,6.78000020980835,6.96999979019165,6.610000133514404,6.659999847412109,6.659999847412109,30467700,205809313.3547187
2022-06-09,6.679999828338623,6.690000057220459,6.110000133514404,6.110000133514404,6.110000133514404,35450400,226793935.35232544
2022-06-10,5.96999979019165,6.25,5.849999904632568,5.940000057220459,5.940000057220459,37492800,225050529.67586517
2022-06-13,5.610000133514404,5.73799991607666,5.34499979019165,5.610000133514404,5.610000133514404,51080200,284810424.8090029
2022-06-14,5.75,6.038000106811523,5.71999979019165,5.925000190734863,5.925000190734863,39077700,228926936.88215017
2022-06-15,5.949999809265137,6.170000076293945,5.682000160217285,5.940000057220459,5.940000057220459,59845400,355212373.24097157
2022-06-16,5.710000038146973,5.840000152587891,5.440000057220459,5.46999979019165,5.46999979019165,32073700,180093825.80587864
2022-06-17,5.570000171661377,5.849999904632568,5.510000228881836,5.699999809265137,5.699999809265137,53969200,305330750.5440712
2022-06-21,5.820000171661377,5.979000091552734,5.71999979019165,5.71999979019165,5.71999979019165,32297200,187638656.43715858
2022-06-22,5.619999885559082,5.820000171661377,5.539999961853027,5.599999904632568,5.599999904632568,34436600,194394606.34317398
2022-06-23,5.650000095367432,5.920000076293945,5.625,5.78000020980835,5.78000020980835,28993800,166533141.51506424
2022-06-24,5.880000114440918,6.179999828338623,5.789999961853027,6.130000114440918,6.130000114440918,87590000,525102050.41766167
2022-06-27,6.099999904632568,6.210000038146973,5.849999904632568,5.929999828338623,5.929999828338623,26805000,161433110.3271246
2022-06-28,5.929999828338623,5.96999979019165,5.5,5.559999942779541,5.559999942779541,31351800,179959328.56156826
2022-06-29,5.519999980926514,5.550000190734863,5.340000152587891,5.539999961853027,5.539999961853027,32700600,179444544.83892918
2022-06-30,5.429999828338623,5.510000228881836,5.230000019073486,5.269999980926514,5.269999980926514,27760700,148797352.39712
2022-07-01,5.260000228881836,5.485000133514404,5.170000076293945,5.409999847412109,5.409999847412109,21703300,115705719.67734098
2022-07-05,5.329999923706055,5.840000152587891,5.139999866485596,5.840000152587891,5.840000152587891,28258400,156480890.67373276
2022-07-06,5.800000190734863,6.099999904632568,5.78000020980835,5.900000095367432,5.900000095367432,25041500,147619645.00755072
2022-07-07,5.900000095367432,6.28000020980835,5.849999904632568,6.260000228881836,6.260000228881836,30799700,187031181.62788153
2022-07-08,6.0,6.369999885559082,5.929999828338623,6.190000057220459,6.190000057220459,26898900,164688513.7108326
2022-07-11,6.034999847412109,6.090000152587891,5.820000171661377,6.010000228881836,6.010000228881836,18679700,111868055.24550676
2022-07-12,6.019999980926514,6.230000019073486,5.900000095367432,6.039999961853027,6.039999961853027,18008300,108905194.5076108
2022-07-13,5.849999904632568,6.059999942779541,5.75,5.949999809265137,5.949999809265137,25769500,152104471.53818607
2022-07-14,5.880000114440918,5.96999979019165,5.760000228881836,5.909999847412109,5.909999847412109,17285100,101636387.91757822
2022-07-15,6.039999961853027,6.300000190734863,5.929999828338623,6.289999961853027,6.289999961853027,22335800,137141811.68048382
2022-07-18,6.329999923706055,6.59499979019165,6.309999942779541,6.349999904632568,6.349999904632568,20005800,127962096.05591297
2022-07-19,6.480000019073486,6.630000114440918,6.269999980926514,6.619999885559082,6.619999885559082,21273600,138278400.0
2022-07-20,6.690000057220459,7.079999923706055,6.659999847412109,6.96999979019165,6.96999979019165,24765700,169645042.6381588
2022-07-21,6.974999904632568,7.150000095367432,6.900000095367432,7.039999961853027,7.039999961853027,19858400,139331499.2840767
2022-07-22,7.050000190734863,7.059999942779541,6.519999980926514,6.619999885559082,6.619999885559082,21258200,144821487.5
2022-07-25,6.570000171661377,6.610000133514404,6.369999885559082,6.460000038146973,6.460000038146973,14153800,92035085.30988693
2022-07-26,6.369999885559082,6.369999885559082,6.119999885559082,6.139999866485596,6.139999866485596,16325700,102035623.0538249
2022-07-27,6.25,6.46999979019165,6.190000057220459,6.440000057220459,6.440000057220459,17437400,110509522.08425999
2022-07-28,6.449999809265137,6.559999942779541,6.090000152587891,6.300000190734863,6.300000190734863,21965900,139483465.52370787
2022-07-29,6.269999980926514,6.369999885559082,6.150000095367432,6.309999942779541,6.309999942779541,19058700,119593342.04560518
2022-08-01,6.269999980926514,6.409999847412109,6.139999866485596,6.360000133514404,6.360000133514404,21109900,132886819.59406137
2022-08-02,6.340000152587891,6.630000114440918,6.309999942779541,6.409999847412109,6.409999847412109,49460900,317662630.95754385
2022-08-03,7.28000020980835,8.420000076293945,7.050000190734863,8.229999542236328,8.229999542236328,147719800,1144089851.704383
2022-08-04,8.170000076293945,8.520000457763672,7.860000133514404,8.229999542236328,8.229999542236328,61791900,506384623.74111414
2022-08-05,8.020000457763672,8.260000228881836,7.820000171661377,7.960000038146973,7.960000038146973,43574400,349248825.76560974
2022-08-08,8.140000343322754,8.489999771118164,7.880000114440918,7.980000019073486,7.980000019073486,56810700,461444914.27162886
2022-08-09,7.699999809265137,7.760000228881836,7.25,7.389999866485596,7.389999866485596,50017000,376377923.8075018
2022-08-10,7.78000020980835,7.949999809265137,7.510000228881836,7.809999942779541,7.809999942779541,51807800,402158049.9703884
2022-08-11,8.079999923706055,8.140000343322754,7.364999771118164,7.420000076293945,7.420000076293945,65326100,506358934.4939947
2022-08-12,7.53000020980835,7.699999809265137,7.300000190734863,7.650000095367432,7.650000095367432,35779800,269958593.7297821
2022-08-15,7.570000171661377,7.699999809265137,7.389999866485596,7.619999885559082,7.619999885559082,38003000,287682707.46302605
2022-08-16,7.5,7.809000015258789,7.190000057220459,7.579999923706055,7.579999923706055,56783500,426997724.07084703
2022-08-17,7.429999828338623,7.449999809265137,6.820000171661377,6.880000114440918,6.880000114440918,75554900,539839759.0589046
2022-08-18,6.949999809265137,6.960000038146973,6.619999885559082,6.679999828338623,6.679999828338623,38842700,264227462.49002218
2022-08-19,6.519999980926514,6.53000020980835,6.269999980926514,6.329999923706055,6.329999923706055,47048200,301696583.6217165
2022-08-22,6.150000095367432,6.329999923706055,6.010000228881836,6.099999904632568,6.099999904632568,41817600,257073697.59521484
2022-08-23,6.150000095367432,6.25,6.010000228881836,6.170000076293945,6.170000076293945,55901700,343515952.09776163
2022-08-24,6.695000171661377,6.869999885559082,6.369999885559082,6.449999809265137,6.449999809265137,114014000,752064840.4324055
2022-08-25,6.630000114440918,6.71999979019165,6.389999866485596,6.690000057220459,6.690000057220459,53630800,354365508.69841576
2022-08-26,6.860000133514404,6.889999866485596,6.119999885559082,6.179999828338623,6.179999828338623,74661000,486229757.15982914
2022-08-29,6.090000152587891,6.22599983215332,5.96999979019165,6.0,6.0,55367700,336164987.43463755
2022-08-30,6.079999923706055,6.130000114440918,5.809999942779541,5.909999847412109,5.909999847412109,38113900,228016405.11432886
2022-08-31,5.96999979019165,6.079999923706055,5.869999885559082,5.920000076293945,5.920000076293945,32515900,193794761.3641858
2022-09-01,5.815000057220459,5.860000133514404,5.610000133514404,5.849999904632568,5.849999904632568,34316400,198477480.46360016
2022-09-02,5.989999771118164,6.0,5.699999809265137,5.739999771118164,5.739999771118164,29739700,174200287.92846203
2022-09-06,5.75,5.789999961853027,5.570000171661377,5.650000095367432,5.650000095367432,28734800,163501013.64421844
2022-09-07,5.599999904632568,5.849999904632568,5.570000171661377,5.820000171661377,5.820000171661377,25290200,144407042.96474457
2022-09-08,5.690000057220459,6.190000057220459,5.679999828338623,6.190000057220459,6.190000057220459,38945300,231237718.75
2022-09-09,6.230000019073486,6.340000152587891,6.170000076293945,6.329999923706055,6.329999923706055,30872900,193495902.07492113
2022-09-12,6.349999904632568,6.489999771118164,6.289999961853027,6.409999847412109,6.409999847412109,28634000,182828086.3134861
2022-09-13,6.019999980926514,6.139999866485596,5.789999961853027,5.840000152587891,5.840000152587891,44931900,267232474.821496
2022-09-14,6.059999942779541,6.190000057220459,5.900000095367432,6.170000076293945,6.170000076293945,62819300,381941346.6959119
2022-09-15,6.130000114440918,6.650000095367432,6.099999904632568,6.409999847412109,6.409999847412109,58733500,371342553.1898737
2022-09-16,6.235000133514404,6.269999980926514,6.010000228881836,6.050000190734863,6.050000190734863,44028900,270392488.00349236
2022-09-19,5.949999809265137,6.099999904632568,5.889999866485596,6.079999923706055,6.079999923706055,30714100,184438166.69213772
2022-09-20,6.0,6.119999885559082,5.880000114440918,5.889999866485596,5.889999866485596,27278200,162919048.58949184
2022-09-21,5.889999866485596,6.039999961853027,5.690000057220459,5.690000057220459,5.690000057220459,36073900,210220651.73395872
2022-09-22,5.71999979019165,5.789999961853027,5.360000133514404,5.360000133514404,5.360000133514404,41535300,230832429.94805574
2022-09-23,5.260000228881836,5.369999885559082,5.159999847412109,5.309999942779541,5.309999942779541,40071900,211379271.54461145
2022-09-26,5.300000190734863,5.510000228881836,5.079999923706055,5.079999923706055,5.079999923706055,65463200,343190830.3701401
2022-09-27,5.230000019073486,5.329999923706055,5.0,5.079999923706055,5.079999923706055,35622200,183810550.8109808
2022-09-28,5.079999923706055,5.28000020980835,5.039999961853027,5.25,5.25,29843200,154065520.71151733
2022-09-29,5.119999885559082,5.159999847412109,4.789999961853027,4.840000152587891,4.840000152587891,56776400,282604528.8341522
2022-09-30,4.820000171661377,5.090000152587891,4.809999942779541,4.880000114440918,4.880000114440918,33884400,166033563.2314682
2022-10-03,4.940000057220459,5.21999979019165,4.809999942779541,5.130000114440918,5.130000114440918,33619400,168937484.19845104
2022-10-04,5.264999866485596,5.460000038146973,5.25,5.400000095367432,5.400000095367432,37930500,202691109.375
2022-10-05,5.269999980926514,5.320000171661377,5.070000171661377,5.28000020980835,5.28000020980835,36209300,189555690.33446312
2022-10-06,5.269999980926514,5.46999979019165,5.170000076293945,5.289999961853027,5.289999961853027,28449200,150780758.64343643
2022-10-07,5.130000114440918,5.150000095367432,4.960000038146973,5.010000228881836,5.010000228881836,27856200,141022015.8207178
2022-10-10,5.010000228881836,5.034999847412109,4.909999847412109,4.96999979019165,4.96999979019165,22211500,110641032.78630972
2022-10-11,4.949999809265137,5.170000076293945,4.769999980926514,5.0,5.0,35828900,178159204.05408144
2022-10-12,4.980000019073486,5.119999885559082,4.880000114440918,5.079999923706055,5.079999923706055,26339800,132094096.62320614
2022-10-13,4.889999866485596,5.21999979019165,4.840000152587891,5.090000152587891,5.090000152587891,32629000,163471289.6888256
2022-10-14,5.190000057220459,5.28000020980835,4.809999942779541,4.809999942779541,4.809999942779541,35776200,179685965.86475372
2022-10-17,4.949999809265137,5.099999904632568,4.849999904632568,5.070000171661377,5.070000171661377,33347900,166489389.00083303
2022-10-18,5.25,5.349999904632568,5.150000095367432,5.25,5.25,37401900,196359975.0
2022-10-19,5.210000038146973,5.21999979019165,4.96999979019165,4.989999771118164,4.989999771118164,35412300,180514193.84651184
2022-10-20,4.974999904632568,5.190000057220459,4.960000038146973,5.010000228881836,5.010000228881836,30718900,154631264.63274956
2022-10-21,4.96999979019165,5.159999847412109,4.900000095367432,5.150000095367432,5.150000095367432,33980000,171429098.5417366
2022-10-24,5.139999866485596,5.199999809265137,4.96999979019165,5.170000076293945,5.170000076293945,32703200,167440380.25741577
2022-10-25,5.199999809265137,5.679999828338623,5.190000057220459,5.659999847412109,5.659999847412109,49264000,267626674.36218262
2022-10-26,5.525000095367432,5.769999980926514,5.5,5.539999961853027,5.539999961853027,37510600,209449813.10772896
2022-10-27,5.619999885559082,5.659999847412109,5.343999862670898,5.349999904632568,5.349999904632568,26942700,148009719.0840125
2022-10-28,5.369999885559082,5.46999979019165,5.289999961853027,5.449999809265137,5.449999809265137,28751000,155111641.0242319
2022-10-31,5.559999942779541,5.670000076293945,5.360000133514404,5.440000057220459,5.440000057220459,61549200,338982222.228384
2022-11-01,6.460000038146973,6.46999979019165,5.670000076293945,5.730000019073486,5.730000019073486,159097200,967708715.9654617
2022-11-02,5.675000190734863,5.699999809265137,5.03000020980835,5.119999885559082,5.119999885559082,106803800,574737951.296401
2022-11-03,5.03000020980835,5.389999866485596,5.010000228881836,5.360000133514404,5.360000133514404,55484100,288378615.83508253
2022-11-04,5.494999885559082,5.510000228881836,5.059999942779541,5.179999828338623,5.179999828338623,53554200,284439743.21780205
2022-11-07,5.230000019073486,5.284999847412109,5.119999885559082,5.179999828338623,5.179999828338623,39915100,207708197.43773937
2022-11-08,5.179999828338623,5.300000190734863,5.050000190734863,5.099999904632568,5.099999904632568,48009700,247610029.12356853
2022-11-09,5.03000020980835,5.059999942779541,4.940000057220459,4.980000019073486,4.980000019073486,45924000,229734812.62779236
2022-11-10,5.269999980926514,5.440000057220459,5.090000152587891,5.340000152587891,5.340000152587891,69817600,368986021.9924927
2022-11-11,5.320000171661377,6.0,5.320000171661377,5.949999809265137,5.949999809265137,84353300,476385264.967823
2022-11-14,5.889999866485596,6.050000190734863,5.71999979019165,5.860000133514404,5.860000133514404,47833200,281259215.7719135
2022-11-15,6.099999904632568,6.130000114440918,5.800000190734863,5.849999904632568,5.849999904632568,59806400,357044209.7110748
2022-11-16,5.769999980926514,5.769999980926514,5.46999979019165,5.53000020980835,5.53000020980835,43267800,243814052.5873661
2022-11-17,5.340000152587891,5.510000228881836,5.28000020980835,5.380000114440918,5.380000114440918,34036700,183032360.25508642
2022-11-18,5.480000019073486,5.489999771118164,5.159999847412109,5.179999828338623,5.179999828338623,36633900,195167097.35884666
2022-11-21,5.130000114440918,5.190000057220459,4.800000190734863,4.869999885559082,4.869999885559082,99355000,496526618.65890026
2022-11-22,4.900000095367432,4.900000095367432,4.599999904632568,4.639999866485596,4.639999866485596,76694100,365063915.26858807
2022-11-23,4.670000076293945,4.708000183105469,4.53000020980835,4.659999847412109,4.659999847412109,58395300,271070987.2222781
2022-11-25,4.670000076293945,4.670000076293945,4.510000228881836,4.599999904632568,4.599999904632568,28016500,129226108.25389624
2022-11-28,4.539999961853027,4.630000114440918,4.409999847412109,4.449999809265137,4.449999809265137,46991100,211812380.11300564
2022-11-29,4.460000038146973,4.570000171661377,4.441999912261963,4.559999942779541,4.559999942779541,40676700,183370564.2594695
2022-11-30,4.550000190734863,4.849999904632568,4.519999980926514,4.829999923706055,4.829999923706055,49235500,230791406.25
2022-12-01,4.860000133514404,4.909999847412109,4.670000076293945,4.739999771118164,4.739999771118164,34842000,167067388.50474358
2022-12-02,4.599999904632568,4.699999809265137,4.519999980926514,4.699999809265137,4.699999809265137,23866400,110501429.04109955
2022-12-05,4.699999809265137,4.730000019073486,4.46999979019165,4.53000020980835,4.53000020980835,28384800,130782964.78185654
2022-12-06,4.539999961853027,4.550000190734863,4.260000228881836,4.320000171661377,4.320000171661377,41048400,181331312.6762867
2022-12-07,4.300000190734863,4.369999885559082,4.239999771118164,4.300000190734863,4.300000190734863,21933400,94368453.7091732
2022-12-08,4.349999904632568,4.429999828338623,4.25,4.400000095367432,4.400000095367432,19767400,86136444.65167522
2022-12-09,4.360000133514404,4.400000095367432,4.309999942779541,4.340000152587891,4.340000152587891,16804200,73140281.86218739
2022-12-12,4.309999942779541,4.480000019073486,4.269999980926514,4.449999809265137,4.449999809265137,23353200,102228631.55236244
2022-12-13,4.690000057220459,4.769999980926514,4.349999904632568,4.429999828338623,4.429999828338623,33682400,153591742.0726776
2022-12-14,4.570000171661377,4.920000076293945,4.53000020980835,4.699999809265137,4.699999809265137,68775700,321870280.5912733
2022-12-15,4.579999923706055,4.760000228881836,4.5,4.630000114440918,4.630000114440918,37157400,171574296.98052406
2022-12-16,4.579999923706055,4.679999828338623,4.5,4.639999866485596,4.639999866485596,31419300,144528777.00362206
2022-12-19,4.659999847412109,4.659999847412109,4.400000095367432,4.429999828338623,4.429999828338623,27122400,123067887.41340637
2022-12-20,4.53000020980835,4.760000228881836,4.449999809265137,4.570000171661377,4.570000171661377,34033400,155787892.07024574
2022-12-21,4.650000095367432,4.730000019073486,4.559999942779541,4.639999866485596,4.639999866485596,24848900,115423140.02604485
2022-12-22,4.579999923706055,4.625,4.369999885559082,4.579999923706055,4.579999923706055,30665900,139184851.5778303
2022-12-23,4.550000190734863,4.619999885559082,4.460999965667725,4.610000133514404,4.610000133514404,19435300,88629827.67760754
2022-12-27,4.550000190734863,4.579999923706055,4.349999904632568,4.389999866485596,4.389999866485596,24110700,107714551.56018734
2022-12-28,4.380000114440918,4.429999828338623,4.239999771118164,4.369999885559082,4.369999885559082,35043300,152613567.990911
2022-12-29,4.400000095367432,4.630000114440918,4.320000171661377,4.590000152587891,4.590000152587891,33261900,149179625.94094276
2022-12-30,4.489999771118164,4.650000095367432,4.449999809265137,4.610000133514404,4.610000133514404,28240200,128492908.65340233
